Z_1ATTACHMENTS,Z_3INTERACTIONS
2349,229613
2348,229613
2352,229614
2351,229614
2350,229614
2355,229615
2354,229615
2353,229615
2357,229822
2356,229822
2358,230094
2359,230535
2360,230698
2361,231539
2362,231552
2363,232767
2365,232973
2367,233436
2366,233436
2368,233801
2370,234614
2372,236457
2371,236457
2376,236681
2375,236681
2374,236681
2373,236681
2377,236843
2378,237451
2379,237798
2380,237902
2384,238166
2383,238166
2382,238166
2381,238166
2385,238614
2389,239221
2388,239221
2387,239221
2386,239221
2393,240220
2392,240220
2391,240220
2390,240220
2395,240228
2394,240228
2399,240320
2398,240320
2397,240320
2396,240320
2400,241886
2404,241908
2403,241908
2402,241908
2401,241908
2408,241911
2407,241911
2406,241911
2405,241911
2409,242057
2411,242403
2412,244274
2413,244275
2414,245009
2417,245255
2416,245255
2415,245255
2418,245404
2419,246651
2421,247568
2420,247568
2422,247586
2423,247606
2425,247608
2424,247608
2427,248218
2426,248218
2428,248661
2429,248667
2449,249057
2448,249057
2447,249057
2446,249057
2445,249057
2444,249057
2443,249057
2442,249057
2441,249057
2440,249057
2439,249057
2438,249057
2437,249057
2436,249057
2435,249057
2434,249057
2433,249057
2432,249057
2431,249057
2430,249057
2469,249058
2468,249058
2467,249058
2466,249058
2465,249058
2464,249058
2463,249058
2462,249058
2461,249058
2460,249058
2459,249058
2458,249058
2457,249058
2456,249058
2455,249058
2454,249058
2453,249058
2452,249058
2451,249058
2450,249058
2489,249059
2488,249059
2487,249059
2486,249059
2485,249059
2484,249059
2483,249059
2482,249059
2481,249059
2480,249059
2479,249059
2478,249059
2477,249059
2476,249059
2475,249059
2474,249059
2473,249059
2472,249059
2471,249059
2470,249059
2509,249060
2508,249060
2507,249060
2506,249060
2505,249060
2504,249060
2503,249060
2502,249060
2501,249060
2500,249060
2499,249060
2498,249060
2497,249060
2496,249060
2495,249060
2494,249060
2493,249060
2492,249060
2491,249060
2490,249060
2529,249061
2528,249061
2527,249061
2526,249061
2525,249061
2524,249061
2523,249061
2522,249061
2521,249061
2520,249061
2519,249061
2518,249061
2517,249061
2516,249061
2515,249061
2514,249061
2513,249061
2512,249061
2511,249061
2510,249061
2549,249062
2548,249062
2547,249062
2546,249062
2545,249062
2544,249062
2543,249062
2542,249062
2541,249062
2540,249062
2539,249062
2538,249062
2537,249062
2536,249062
2535,249062
2534,249062
2533,249062
2532,249062
2531,249062
2530,249062
2569,249063
2568,249063
2567,249063
2566,249063
2565,249063
2564,249063
2563,249063
2562,249063
2561,249063
2560,249063
2559,249063
2558,249063
2557,249063
2556,249063
2555,249063
2554,249063
2553,249063
2552,249063
2551,249063
2550,249063
2589,249064
2588,249064
2587,249064
2586,249064
2585,249064
2584,249064
2583,249064
2582,249064
2581,249064
2580,249064
2579,249064
2578,249064
2577,249064
2576,249064
2575,249064
2574,249064
2573,249064
2572,249064
2571,249064
2570,249064
2609,249065
2608,249065
2607,249065
2606,249065
2605,249065
2604,249065
2603,249065
2602,249065
2601,249065
2600,249065
2599,249065
2598,249065
2597,249065
2596,249065
2595,249065
2594,249065
2593,249065
2592,249065
2591,249065
2590,249065
2629,249066
2628,249066
2627,249066
2626,249066
2625,249066
2624,249066
2623,249066
2622,249066
2621,249066
2620,249066
2619,249066
2618,249066
2617,249066
2616,249066
2615,249066
2614,249066
2613,249066
2612,249066
2611,249066
2610,249066
2649,249067
2648,249067
2647,249067
2646,249067
2645,249067
2644,249067
2643,249067
2642,249067
2641,249067
2640,249067
2639,249067
2638,249067
2637,249067
2636,249067
2635,249067
2634,249067
2633,249067
2632,249067
2631,249067
2630,249067
2669,249068
2668,249068
2667,249068
2666,249068
2665,249068
2664,249068
2663,249068
2662,249068
2661,249068
2660,249068
2659,249068
2658,249068
2657,249068
2656,249068
2655,249068
2654,249068
2653,249068
2652,249068
2651,249068
2650,249068
2689,249069
2688,249069
2687,249069
2686,249069
2685,249069
2684,249069
2683,249069
2682,249069
2681,249069
2680,249069
2679,249069
2678,249069
2677,249069
2676,249069
2675,249069
2674,249069
2673,249069
2672,249069
2671,249069
2670,249069
2709,249070
2708,249070
2707,249070
2706,249070
2705,249070
2704,249070
2703,249070
2702,249070
2701,249070
2700,249070
2699,249070
2698,249070
2697,249070
2696,249070
2695,249070
2694,249070
2693,249070
2692,249070
2691,249070
2690,249070
2729,249071
2728,249071
2727,249071
2726,249071
2725,249071
2724,249071
2723,249071
2722,249071
2721,249071
2720,249071
2719,249071
2718,249071
2717,249071
2716,249071
2715,249071
2714,249071
2713,249071
2712,249071
2711,249071
2710,249071
2749,249072
2748,249072
2747,249072
2746,249072
2745,249072
2744,249072
2743,249072
2742,249072
2741,249072
2740,249072
2739,249072
2738,249072
2737,249072
2736,249072
2735,249072
2734,249072
2733,249072
2732,249072
2731,249072
2730,249072
2769,249073
2768,249073
2767,249073
2766,249073
2765,249073
2764,249073
2763,249073
2762,249073
2761,249073
2760,249073
2759,249073
2758,249073
2757,249073
2756,249073
2755,249073
2754,249073
2753,249073
2752,249073
2751,249073
2750,249073
2789,249074
2788,249074
2787,249074
2786,249074
2785,249074
2784,249074
2783,249074
2782,249074
2781,249074
2780,249074
2779,249074
2778,249074
2777,249074
2776,249074
2775,249074
2774,249074
2773,249074
2772,249074
2771,249074
2770,249074
2809,249075
2808,249075
2807,249075
2806,249075
2805,249075
2804,249075
2803,249075
2802,249075
2801,249075
2800,249075
2799,249075
2798,249075
2797,249075
2796,249075
2795,249075
2794,249075
2793,249075
2792,249075
2791,249075
2790,249075
2829,249076
2828,249076
2827,249076
2826,249076
2825,249076
2824,249076
2823,249076
2822,249076
2821,249076
2820,249076
2819,249076
2818,249076
2817,249076
2816,249076
2815,249076
2814,249076
2813,249076
2812,249076
2811,249076
2810,249076
2849,249077
2848,249077
2847,249077
2846,249077
2845,249077
2844,249077
2843,249077
2842,249077
2841,249077
2840,249077
2839,249077
2838,249077
2837,249077
2836,249077
2835,249077
2834,249077
2833,249077
2832,249077
2831,249077
2830,249077
2869,249078
2868,249078
2867,249078
2866,249078
2865,249078
2864,249078
2863,249078
2862,249078
2861,249078
2860,249078
2859,249078
2858,249078
2857,249078
2856,249078
2855,249078
2854,249078
2853,249078
2852,249078
2851,249078
2850,249078
2889,249079
2888,249079
2887,249079
2886,249079
2885,249079
2884,249079
2883,249079
2882,249079
2881,249079
2880,249079
2879,249079
2878,249079
2877,249079
2876,249079
2875,249079
2874,249079
2873,249079
2872,249079
2871,249079
2870,249079
2909,249080
2908,249080
2907,249080
2906,249080
2905,249080
2904,249080
2903,249080
2902,249080
2901,249080
2900,249080
2899,249080
2898,249080
2897,249080
2896,249080
2895,249080
2894,249080
2893,249080
2892,249080
2891,249080
2890,249080
2929,249081
2928,249081
2927,249081
2926,249081
2925,249081
2924,249081
2923,249081
2922,249081
2921,249081
2920,249081
2919,249081
2918,249081
2917,249081
2916,249081
2915,249081
2914,249081
2913,249081
2912,249081
2911,249081
2910,249081
2949,249082
2948,249082
2947,249082
2946,249082
2945,249082
2944,249082
2943,249082
2942,249082
2941,249082
2940,249082
2939,249082
2938,249082
2937,249082
2936,249082
2935,249082
2934,249082
2933,249082
2932,249082
2931,249082
2930,249082
2969,249083
2968,249083
2967,249083
2966,249083
2965,249083
2964,249083
2963,249083
2962,249083
2961,249083
2960,249083
2959,249083
2958,249083
2957,249083
2956,249083
2955,249083
2954,249083
2953,249083
2952,249083
2951,249083
2950,249083
2989,249084
2988,249084
2987,249084
2986,249084
2985,249084
2984,249084
2983,249084
2982,249084
2981,249084
2980,249084
2979,249084
2978,249084
2977,249084
2976,249084
2975,249084
2974,249084
2973,249084
2972,249084
2971,249084
2970,249084
3009,249086
3008,249086
3007,249086
3006,249086
3005,249086
3004,249086
3003,249086
3002,249086
3001,249086
3000,249086
2999,249086
2998,249086
2997,249086
2996,249086
2995,249086
2994,249086
2993,249086
2992,249086
2991,249086
2990,249086
3029,249087
3028,249087
3027,249087
3026,249087
3025,249087
3024,249087
3023,249087
3022,249087
3021,249087
3020,249087
3019,249087
3018,249087
3017,249087
3016,249087
3015,249087
3014,249087
3013,249087
3012,249087
3011,249087
3010,249087
3049,249088
3048,249088
3047,249088
3046,249088
3045,249088
3044,249088
3043,249088
3042,249088
3041,249088
3040,249088
3039,249088
3038,249088
3037,249088
3036,249088
3035,249088
3034,249088
3033,249088
3032,249088
3031,249088
3030,249088
3069,249089
3068,249089
3067,249089
3066,249089
3065,249089
3064,249089
3063,249089
3062,249089
3061,249089
3060,249089
3059,249089
3058,249089
3057,249089
3056,249089
3055,249089
3054,249089
3053,249089
3052,249089
3051,249089
3050,249089
3089,249090
3088,249090
3087,249090
3086,249090
3085,249090
3084,249090
3083,249090
3082,249090
3081,249090
3080,249090
3079,249090
3078,249090
3077,249090
3076,249090
3075,249090
3074,249090
3073,249090
3072,249090
3071,249090
3070,249090
3109,249091
3108,249091
3107,249091
3106,249091
3105,249091
3104,249091
3103,249091
3102,249091
3101,249091
3100,249091
3099,249091
3098,249091
3097,249091
3096,249091
3095,249091
3094,249091
3093,249091
3092,249091
3091,249091
3090,249091
3129,249092
3128,249092
3127,249092
3126,249092
3125,249092
3124,249092
3123,249092
3122,249092
3121,249092
3120,249092
3119,249092
3118,249092
3117,249092
3116,249092
3115,249092
3114,249092
3113,249092
3112,249092
3111,249092
3110,249092
3149,249093
3148,249093
3147,249093
3146,249093
3145,249093
3144,249093
3143,249093
3142,249093
3141,249093
3140,249093
3139,249093
3138,249093
3137,249093
3136,249093
3135,249093
3134,249093
3133,249093
3132,249093
3131,249093
3130,249093
3169,249094
3168,249094
3167,249094
3166,249094
3165,249094
3164,249094
3163,249094
3162,249094
3161,249094
3160,249094
3159,249094
3158,249094
3157,249094
3156,249094
3155,249094
3154,249094
3153,249094
3152,249094
3151,249094
3150,249094
3189,249095
3188,249095
3187,249095
3186,249095
3185,249095
3184,249095
3183,249095
3182,249095
3181,249095
3180,249095
3179,249095
3178,249095
3177,249095
3176,249095
3175,249095
3174,249095
3173,249095
3172,249095
3171,249095
3170,249095
3209,249096
3208,249096
3207,249096
3206,249096
3205,249096
3204,249096
3203,249096
3202,249096
3201,249096
3200,249096
3199,249096
3198,249096
3197,249096
3196,249096
3195,249096
3194,249096
3193,249096
3192,249096
3191,249096
3190,249096
3229,249097
3228,249097
3227,249097
3226,249097
3225,249097
3224,249097
3223,249097
3222,249097
3221,249097
3220,249097
3219,249097
3218,249097
3217,249097
3216,249097
3215,249097
3214,249097
3213,249097
3212,249097
3211,249097
3210,249097
3249,249098
3248,249098
3247,249098
3246,249098
3245,249098
3244,249098
3243,249098
3242,249098
3241,249098
3240,249098
3239,249098
3238,249098
3237,249098
3236,249098
3235,249098
3234,249098
3233,249098
3232,249098
3231,249098
3230,249098
3269,249099
3268,249099
3267,249099
3266,249099
3265,249099
3264,249099
3263,249099
3262,249099
3261,249099
3260,249099
3259,249099
3258,249099
3257,249099
3256,249099
3255,249099
3254,249099
3253,249099
3252,249099
3251,249099
3250,249099
3289,249100
3288,249100
3287,249100
3286,249100
3285,249100
3284,249100
3283,249100
3282,249100
3281,249100
3280,249100
3279,249100
3278,249100
3277,249100
3276,249100
3275,249100
3274,249100
3273,249100
3272,249100
3271,249100
3270,249100
3309,249101
3308,249101
3307,249101
3306,249101
3305,249101
3304,249101
3303,249101
3302,249101
3301,249101
3300,249101
3299,249101
3298,249101
3297,249101
3296,249101
3295,249101
3294,249101
3293,249101
3292,249101
3291,249101
3290,249101
3329,249102
3328,249102
3327,249102
3326,249102
3325,249102
3324,249102
3323,249102
3322,249102
3321,249102
3320,249102
3319,249102
3318,249102
3317,249102
3316,249102
3315,249102
3314,249102
3313,249102
3312,249102
3311,249102
3310,249102
3349,249103
3348,249103
3347,249103
3346,249103
3345,249103
3344,249103
3343,249103
3342,249103
3341,249103
3340,249103
3339,249103
3338,249103
3337,249103
3336,249103
3335,249103
3334,249103
3333,249103
3332,249103
3331,249103
3330,249103
3369,249104
3368,249104
3367,249104
3366,249104
3365,249104
3364,249104
3363,249104
3362,249104
3361,249104
3360,249104
3359,249104
3358,249104
3357,249104
3356,249104
3355,249104
3354,249104
3353,249104
3352,249104
3351,249104
3350,249104
3389,249105
3388,249105
3387,249105
3386,249105
3385,249105
3384,249105
3383,249105
3382,249105
3381,249105
3380,249105
3379,249105
3378,249105
3377,249105
3376,249105
3375,249105
3374,249105
3373,249105
3372,249105
3371,249105
3370,249105
3409,249106
3408,249106
3407,249106
3406,249106
3405,249106
3404,249106
3403,249106
3402,249106
3401,249106
3400,249106
3399,249106
3398,249106
3397,249106
3396,249106
3395,249106
3394,249106
3393,249106
3392,249106
3391,249106
3390,249106
3410,249407
3421,249795
3420,249795
3419,249795
3418,249795
3417,249795
3416,249795
3415,249795
3414,249795
3413,249795
3412,249795
3411,249795
3432,249796
3431,249796
3430,249796
3429,249796
3428,249796
3427,249796
3426,249796
3425,249796
3424,249796
3423,249796
3422,249796
3443,249797
3442,249797
3441,249797
3440,249797
3439,249797
3438,249797
3437,249797
3436,249797
3435,249797
3434,249797
3433,249797
3454,249798
3453,249798
3452,249798
3451,249798
3450,249798
3449,249798
3448,249798
3447,249798
3446,249798
3445,249798
3444,249798
3465,249799
3464,249799
3463,249799
3462,249799
3461,249799
3460,249799
3459,249799
3458,249799
3457,249799
3456,249799
3455,249799
3476,249800
3475,249800
3474,249800
3473,249800
3472,249800
3471,249800
3470,249800
3469,249800
3468,249800
3467,249800
3466,249800
3487,249801
3486,249801
3485,249801
3484,249801
3483,249801
3482,249801
3481,249801
3480,249801
3479,249801
3478,249801
3477,249801
3498,249802
3497,249802
3496,249802
3495,249802
3494,249802
3493,249802
3492,249802
3491,249802
3490,249802
3489,249802
3488,249802
3500,250033
3499,250033
3501,250570
3505,252435
3504,252435
3503,252435
3502,252435
3506,284961
3508,284979
3507,284979
3510,285495
3509,285495
3511,285850
3514,286022
3513,286022
3512,286022
3516,286984
3519,287234
3518,287234
3517,287234
3521,288350
3520,288350
3525,289033
3524,289033
3523,289033
3522,289033
3526,289046
3527,289144
3528,289166
3530,289186
3529,289186
3532,289255
3531,289255
3534,290960
3533,290960
3538,291166
3537,291166
3536,291166
3535,291166
3540,291322
3539,291322
3542,291324
3541,291324
3544,291356
3543,291356
3546,291360
3545,291360
3548,291372
3547,291372
3551,291653
3550,291653
3549,291653
3552,291698
3553,291705
3554,291707
3570,291961
3569,291961
3568,291961
3567,291961
3566,291961
3565,291961
3564,291961
3563,291961
3562,291961
3561,291961
3560,291961
3559,291961
3558,291961
3557,291961
3556,291961
3555,291961
3586,291962
3585,291962
3584,291962
3583,291962
3582,291962
3581,291962
3580,291962
3579,291962
3578,291962
3577,291962
3576,291962
3575,291962
3574,291962
3573,291962
3572,291962
3571,291962
3602,291963
3601,291963
3600,291963
3599,291963
3598,291963
3597,291963
3596,291963
3595,291963
3594,291963
3593,291963
3592,291963
3591,291963
3590,291963
3589,291963
3588,291963
3587,291963
3618,291964
3617,291964
3616,291964
3615,291964
3614,291964
3613,291964
3612,291964
3611,291964
3610,291964
3609,291964
3608,291964
3607,291964
3606,291964
3605,291964
3604,291964
3603,291964
3634,291965
3633,291965
3632,291965
3631,291965
3630,291965
3629,291965
3628,291965
3627,291965
3626,291965
3625,291965
3624,291965
3623,291965
3622,291965
3621,291965
3620,291965
3619,291965
3650,291966
3649,291966
3648,291966
3647,291966
3646,291966
3645,291966
3644,291966
3643,291966
3642,291966
3641,291966
3640,291966
3639,291966
3638,291966
3637,291966
3636,291966
3635,291966
3666,291967
3665,291967
3664,291967
3663,291967
3662,291967
3661,291967
3660,291967
3659,291967
3658,291967
3657,291967
3656,291967
3655,291967
3654,291967
3653,291967
3652,291967
3651,291967
3682,291968
3681,291968
3680,291968
3679,291968
3678,291968
3677,291968
3676,291968
3675,291968
3674,291968
3673,291968
3672,291968
3671,291968
3670,291968
3669,291968
3668,291968
3667,291968
3698,291969
3697,291969
3696,291969
3695,291969
3694,291969
3693,291969
3692,291969
3691,291969
3690,291969
3689,291969
3688,291969
3687,291969
3686,291969
3685,291969
3684,291969
3683,291969
3714,291970
3713,291970
3712,291970
3711,291970
3710,291970
3709,291970
3708,291970
3707,291970
3706,291970
3705,291970
3704,291970
3703,291970
3702,291970
3701,291970
3700,291970
3699,291970
3730,291971
3729,291971
3728,291971
3727,291971
3726,291971
3725,291971
3724,291971
3723,291971
3722,291971
3721,291971
3720,291971
3719,291971
3718,291971
3717,291971
3716,291971
3715,291971
3746,291972
3745,291972
3744,291972
3743,291972
3742,291972
3741,291972
3740,291972
3739,291972
3738,291972
3737,291972
3736,291972
3735,291972
3734,291972
3733,291972
3732,291972
3731,291972
3762,291973
3761,291973
3760,291973
3759,291973
3758,291973
3757,291973
3756,291973
3755,291973
3754,291973
3753,291973
3752,291973
3751,291973
3750,291973
3749,291973
3748,291973
3747,291973
3778,291974
3777,291974
3776,291974
3775,291974
3774,291974
3773,291974
3772,291974
3771,291974
3770,291974
3769,291974
3768,291974
3767,291974
3766,291974
3765,291974
3764,291974
3763,291974
3779,292050
3780,292957
3781,293225
3782,293394
3783,293612
3784,293704
3785,294162
3789,294357
3788,294357
3787,294357
3786,294357
3793,294358
3792,294358
3791,294358
3790,294358
3794,295427
3795,295429
3796,295527
3802,297186
3801,297186
3800,297186
3799,297186
3798,297186
3797,297186
3808,297187
3807,297187
3806,297187
3805,297187
3804,297187
3803,297187
3814,297188
3813,297188
3812,297188
3811,297188
3810,297188
3809,297188
3820,297189
3819,297189
3818,297189
3817,297189
3816,297189
3815,297189
3826,297190
3825,297190
3824,297190
3823,297190
3822,297190
3821,297190
3839,297191
3838,297191
3837,297191
3836,297191
3835,297191
3834,297191
3833,297191
3832,297191
3831,297191
3830,297191
3829,297191
3828,297191
3827,297191
3852,297192
3851,297192
3850,297192
3849,297192
3848,297192
3847,297192
3846,297192
3845,297192
3844,297192
3843,297192
3842,297192
3841,297192
3840,297192
3865,297193
3864,297193
3863,297193
3862,297193
3861,297193
3860,297193
3859,297193
3858,297193
3857,297193
3856,297193
3855,297193
3854,297193
3853,297193
3878,297194
3877,297194
3876,297194
3875,297194
3874,297194
3873,297194
3872,297194
3871,297194
3870,297194
3869,297194
3868,297194
3867,297194
3866,297194
3891,297195
3890,297195
3889,297195
3888,297195
3887,297195
3886,297195
3885,297195
3884,297195
3883,297195
3882,297195
3881,297195
3880,297195
3879,297195
3904,297196
3903,297196
3902,297196
3901,297196
3900,297196
3899,297196
3898,297196
3897,297196
3896,297196
3895,297196
3894,297196
3893,297196
3892,297196
3917,297197
3916,297197
3915,297197
3914,297197
3913,297197
3912,297197
3911,297197
3910,297197
3909,297197
3908,297197
3907,297197
3906,297197
3905,297197
3930,297198
3929,297198
3928,297198
3927,297198
3926,297198
3925,297198
3924,297198
3923,297198
3922,297198
3921,297198
3920,297198
3919,297198
3918,297198
3943,297199
3942,297199
3941,297199
3940,297199
3939,297199
3938,297199
3937,297199
3936,297199
3935,297199
3934,297199
3933,297199
3932,297199
3931,297199
3956,297200
3955,297200
3954,297200
3953,297200
3952,297200
3951,297200
3950,297200
3949,297200
3948,297200
3947,297200
3946,297200
3945,297200
3944,297200
3969,297201
3968,297201
3967,297201
3966,297201
3965,297201
3964,297201
3963,297201
3962,297201
3961,297201
3960,297201
3959,297201
3958,297201
3957,297201
3970,297231
3971,297268
3972,297432
3973,297446
3975,297481
3974,297481
3976,297483
3977,297484
3979,297493
3978,297493
3980,297537
3983,297808
3982,297808
3981,297808
3986,297809
3985,297809
3984,297809
3990,298073
3989,298073
3988,298073
3987,298073
3992,298083
3991,298083
3995,298166
3994,298166
3993,298166
3997,298646
3996,298646
3998,298940
3999,298947
4003,299585
4002,299585
4001,299585
4000,299585
4004,299685
4005,299848
4006,300145
4007,300175
4008,300177
4009,300180
4010,300858
4011,300864
4012,300905
4016,300985
4015,300985
4014,300985
4013,300985
4017,301080
4018,301139
4019,301322
4023,301425
4022,301425
4021,301425
4020,301425
4025,301458
4024,301458
4026,301752
4027,301873
4028,301901
4030,302046
4029,302046
4039,302047
4038,302047
4037,302047
4036,302047
4035,302047
4034,302047
4033,302047
4032,302047
4031,302047
4048,302048
4047,302048
4046,302048
4045,302048
4044,302048
4043,302048
4042,302048
4041,302048
4040,302048
4057,302049
4056,302049
4055,302049
4054,302049
4053,302049
4052,302049
4051,302049
4050,302049
4049,302049
4066,302050
4065,302050
4064,302050
4063,302050
4062,302050
4061,302050
4060,302050
4059,302050
4058,302050
4075,302051
4074,302051
4073,302051
4072,302051
4071,302051
4070,302051
4069,302051
4068,302051
4067,302051
4084,302052
4083,302052
4082,302052
4081,302052
4080,302052
4079,302052
4078,302052
4077,302052
4076,302052
4104,302083
4103,302083
4102,302083
4101,302083
4100,302083
4099,302083
4098,302083
4097,302083
4096,302083
4095,302083
4094,302083
4093,302083
4092,302083
4091,302083
4090,302083
4089,302083
4088,302083
4087,302083
4086,302083
4085,302083
4124,302084
4123,302084
4122,302084
4121,302084
4120,302084
4119,302084
4118,302084
4117,302084
4116,302084
4115,302084
4114,302084
4113,302084
4112,302084
4111,302084
4110,302084
4109,302084
4108,302084
4107,302084
4106,302084
4105,302084
4144,302085
4143,302085
4142,302085
4141,302085
4140,302085
4139,302085
4138,302085
4137,302085
4136,302085
4135,302085
4134,302085
4133,302085
4132,302085
4131,302085
4130,302085
4129,302085
4128,302085
4127,302085
4126,302085
4125,302085
4164,302086
4163,302086
4162,302086
4161,302086
4160,302086
4159,302086
4158,302086
4157,302086
4156,302086
4155,302086
4154,302086
4153,302086
4152,302086
4151,302086
4150,302086
4149,302086
4148,302086
4147,302086
4146,302086
4145,302086
4184,302087
4183,302087
4182,302087
4181,302087
4180,302087
4179,302087
4178,302087
4177,302087
4176,302087
4175,302087
4174,302087
4173,302087
4172,302087
4171,302087
4170,302087
4169,302087
4168,302087
4167,302087
4166,302087
4165,302087
4204,302088
4203,302088
4202,302088
4201,302088
4200,302088
4199,302088
4198,302088
4197,302088
4196,302088
4195,302088
4194,302088
4193,302088
4192,302088
4191,302088
4190,302088
4189,302088
4188,302088
4187,302088
4186,302088
4185,302088
4224,302089
4223,302089
4222,302089
4221,302089
4220,302089
4219,302089
4218,302089
4217,302089
4216,302089
4215,302089
4214,302089
4213,302089
4212,302089
4211,302089
4210,302089
4209,302089
4208,302089
4207,302089
4206,302089
4205,302089
4244,302090
4243,302090
4242,302090
4241,302090
4240,302090
4239,302090
4238,302090
4237,302090
4236,302090
4235,302090
4234,302090
4233,302090
4232,302090
4231,302090
4230,302090
4229,302090
4228,302090
4227,302090
4226,302090
4225,302090
4264,302091
4263,302091
4262,302091
4261,302091
4260,302091
4259,302091
4258,302091
4257,302091
4256,302091
4255,302091
4254,302091
4253,302091
4252,302091
4251,302091
4250,302091
4249,302091
4248,302091
4247,302091
4246,302091
4245,302091
4284,302092
4283,302092
4282,302092
4281,302092
4280,302092
4279,302092
4278,302092
4277,302092
4276,302092
4275,302092
4274,302092
4273,302092
4272,302092
4271,302092
4270,302092
4269,302092
4268,302092
4267,302092
4266,302092
4265,302092
4304,302093
4303,302093
4302,302093
4301,302093
4300,302093
4299,302093
4298,302093
4297,302093
4296,302093
4295,302093
4294,302093
4293,302093
4292,302093
4291,302093
4290,302093
4289,302093
4288,302093
4287,302093
4286,302093
4285,302093
4324,302094
4323,302094
4322,302094
4321,302094
4320,302094
4319,302094
4318,302094
4317,302094
4316,302094
4315,302094
4314,302094
4313,302094
4312,302094
4311,302094
4310,302094
4309,302094
4308,302094
4307,302094
4306,302094
4305,302094
4344,302095
4343,302095
4342,302095
4341,302095
4340,302095
4339,302095
4338,302095
4337,302095
4336,302095
4335,302095
4334,302095
4333,302095
4332,302095
4331,302095
4330,302095
4329,302095
4328,302095
4327,302095
4326,302095
4325,302095
4364,302096
4363,302096
4362,302096
4361,302096
4360,302096
4359,302096
4358,302096
4357,302096
4356,302096
4355,302096
4354,302096
4353,302096
4352,302096
4351,302096
4350,302096
4349,302096
4348,302096
4347,302096
4346,302096
4345,302096
4384,302097
4383,302097
4382,302097
4381,302097
4380,302097
4379,302097
4378,302097
4377,302097
4376,302097
4375,302097
4374,302097
4373,302097
4372,302097
4371,302097
4370,302097
4369,302097
4368,302097
4367,302097
4366,302097
4365,302097
4404,302098
4403,302098
4402,302098
4401,302098
4400,302098
4399,302098
4398,302098
4397,302098
4396,302098
4395,302098
4394,302098
4393,302098
4392,302098
4391,302098
4390,302098
4389,302098
4388,302098
4387,302098
4386,302098
4385,302098
4424,302099
4423,302099
4422,302099
4421,302099
4420,302099
4419,302099
4418,302099
4417,302099
4416,302099
4415,302099
4414,302099
4413,302099
4412,302099
4411,302099
4410,302099
4409,302099
4408,302099
4407,302099
4406,302099
4405,302099
4444,302100
4443,302100
4442,302100
4441,302100
4440,302100
4439,302100
4438,302100
4437,302100
4436,302100
4435,302100
4434,302100
4433,302100
4432,302100
4431,302100
4430,302100
4429,302100
4428,302100
4427,302100
4426,302100
4425,302100
4464,302101
4463,302101
4462,302101
4461,302101
4460,302101
4459,302101
4458,302101
4457,302101
4456,302101
4455,302101
4454,302101
4453,302101
4452,302101
4451,302101
4450,302101
4449,302101
4448,302101
4447,302101
4446,302101
4445,302101
4484,302102
4483,302102
4482,302102
4481,302102
4480,302102
4479,302102
4478,302102
4477,302102
4476,302102
4475,302102
4474,302102
4473,302102
4472,302102
4471,302102
4470,302102
4469,302102
4468,302102
4467,302102
4466,302102
4465,302102
4504,302103
4503,302103
4502,302103
4501,302103
4500,302103
4499,302103
4498,302103
4497,302103
4496,302103
4495,302103
4494,302103
4493,302103
4492,302103
4491,302103
4490,302103
4489,302103
4488,302103
4487,302103
4486,302103
4485,302103
4524,302104
4523,302104
4522,302104
4521,302104
4520,302104
4519,302104
4518,302104
4517,302104
4516,302104
4515,302104
4514,302104
4513,302104
4512,302104
4511,302104
4510,302104
4509,302104
4508,302104
4507,302104
4506,302104
4505,302104
4544,302105
4543,302105
4542,302105
4541,302105
4540,302105
4539,302105
4538,302105
4537,302105
4536,302105
4535,302105
4534,302105
4533,302105
4532,302105
4531,302105
4530,302105
4529,302105
4528,302105
4527,302105
4526,302105
4525,302105
4564,302106
4563,302106
4562,302106
4561,302106
4560,302106
4559,302106
4558,302106
4557,302106
4556,302106
4555,302106
4554,302106
4553,302106
4552,302106
4551,302106
4550,302106
4549,302106
4548,302106
4547,302106
4546,302106
4545,302106
4584,302107
4583,302107
4582,302107
4581,302107
4580,302107
4579,302107
4578,302107
4577,302107
4576,302107
4575,302107
4574,302107
4573,302107
4572,302107
4571,302107
4570,302107
4569,302107
4568,302107
4567,302107
4566,302107
4565,302107
4604,302108
4603,302108
4602,302108
4601,302108
4600,302108
4599,302108
4598,302108
4597,302108
4596,302108
4595,302108
4594,302108
4593,302108
4592,302108
4591,302108
4590,302108
4589,302108
4588,302108
4587,302108
4586,302108
4585,302108
4624,302109
4623,302109
4622,302109
4621,302109
4620,302109
4619,302109
4618,302109
4617,302109
4616,302109
4615,302109
4614,302109
4613,302109
4612,302109
4611,302109
4610,302109
4609,302109
4608,302109
4607,302109
4606,302109
4605,302109
4644,302110
4643,302110
4642,302110
4641,302110
4640,302110
4639,302110
4638,302110
4637,302110
4636,302110
4635,302110
4634,302110
4633,302110
4632,302110
4631,302110
4630,302110
4629,302110
4628,302110
4627,302110
4626,302110
4625,302110
4664,302111
4663,302111
4662,302111
4661,302111
4660,302111
4659,302111
4658,302111
4657,302111
4656,302111
4655,302111
4654,302111
4653,302111
4652,302111
4651,302111
4650,302111
4649,302111
4648,302111
4647,302111
4646,302111
4645,302111
4667,302116
4666,302116
4665,302116
4668,302266
4669,303390
4670,303624
4671,303625
4672,303691
4674,306824
4673,306824
4676,308297
4675,308297
4677,308666
4678,309662
4679,309908
4680,310343
4681,310370
4683,310427
4682,310427
4684,310682
4685,310848
4687,310949
4686,310949
4688,311081
4689,311603
4691,311888
4690,311888
4694,311895
4693,311895
4692,311895
4697,311902
4696,311902
4695,311902
4700,311904
4699,311904
4698,311904
4702,311906
4701,311906
4705,311909
4704,311909
4703,311909
4708,311919
4707,311919
4706,311919
4709,311955
4713,312743
4712,312743
4711,312743
4710,312743
4714,312950
4718,313079
4717,313079
4716,313079
4715,313079
4722,313665
4721,313665
4720,313665
4719,313665
4726,313702
4725,313702
4724,313702
4723,313702
4730,313746
4729,313746
4728,313746
4727,313746
