Uuid,Name,NameOrigin,Address,ResolvedAddress,LastSeenTime,LastConnectionTime,GATTServiceChangeConfig,Tags,iCloudIdentifier
6B43C944-D30C-82AF-46C9-6183E75E3ED1,Mi Smart Band 4,2,Public D9:E4:9F:7F:2A:B2,,2001-01-02 08:53:31,2001-01-01 01:00:04,0,ANCSAuthorized,
15003E03-5CF4-B954-C306-D1C118FCBD0E,,0,Public 30:C7:AE:0E:AF:F1,,0,2001-01-01 01:03:43,0,,
60AB1036-5313-318D-E397-B305A1D3AC52,,0,Public 1C:E6:2B:E9:24:12,,2001-02-10 04:18:07,0,0,,
CB211F39-B4B8-C684-2C86-1D394D1748D1,,0,Public 40:CB:C0:E1:31:13,,2001-02-10 04:19:32,0,0,,
46A61FEB-4757-42DE-1088-E2417926EDC3,,0,Random F2:3B:DD:79:FD:A1,,2001-02-10 04:15:32,0,0,,
A1E004AF-8CC2-2B9B-4DEC-7D260BDB2EBD,,0,Random D0:73:A8:A4:8A:38,,2001-02-10 04:15:31,0,0,,
034B6F9A-7C5F-D5A1-0614-C7D63231B15E,,0,Random F8:13:25:2D:F6:41,,2001-02-10 04:15:33,0,0,,
2FC8397A-EED5-E0FA-D35B-5F1A323E479A,,0,Random CB:33:B5:14:BC:75,,2001-02-10 04:15:46,0,0,,
5EE7C518-337D-ED34-ED82-23A6333D3199,,0,Random C2:B0:DB:EA:45:73,,2001-02-10 04:15:48,0,0,,
65122229-8D27-096A-BA19-9D26D93CF6B7,,0,Random C2:33:29:1F:79:52,,2001-02-10 04:15:40,0,0,,
7993587D-5BEF-26B8-6905-8883416232DB,,0,Random C1:CB:68:25:0E:39,,2001-02-10 04:15:34,0,0,,
871952F6-1D18-21EA-02BF-A094A1FAFC80,,0,Random E8:AD:1F:F5:94:73,,2001-02-10 04:15:45,0,0,,
95A069EF-739F-7FCC-62D2-33264E375924,,0,Random EC:E8:C5:B1:90:00,,2001-02-10 04:15:41,0,0,,
9A20D020-0006-4954-A02C-D0FE39CAF902,,0,Random C1:E6:FE:0B:4D:C3,,2001-02-10 04:15:35,0,0,,
AB09A4D7-570F-1F38-4C87-E7F79616AA28,,0,Random D8:E3:BD:42:59:57,,2001-02-10 04:15:43,0,0,,
C3045DBB-585B-C548-6B62-3461E5B2E36D,,0,Random E4:69:0E:BF:D9:20,,2001-02-10 04:15:38,0,0,,
CD7E24D0-BB53-5147-F31E-49427B0E88F1,,0,Random CB:57:06:B3:B8:6E,,2001-02-10 04:15:37,0,0,,
D011E7D6-343C-63C3-175F-848F6EA1B51F,,0,Random F9:D0:1F:88:51:A7,,2001-02-10 04:15:47,0,0,,
D01BA53B-5BA2-60C6-C107-B20AAF9A0685,,0,Random C8:DF:54:D3:7B:0B,,2001-02-10 04:15:44,0,0,,
E89C06A7-3BA2-3FAB-F90B-C8492CC3A8B7,,0,Random C7:12:2E:19:D0:63,,2001-02-10 04:15:42,0,0,,
FE663C18-65A4-E914-5BFC-0CC38E2AAB54,,0,Random C6:4C:F4:32:63:81,,2001-02-10 04:15:36,0,0,,
134C7EC3-2646-AAB9-C8EC-D36F0D435664,,0,Random DD:04:69:F5:78:DB,,2001-02-10 04:15:52,0,0,,
18B8C786-7809-790F-FDBE-C1AF3F2C574E,,0,Random EF:60:49:25:5A:92,,2001-02-10 04:15:53,0,0,,
44996B1F-97A7-03D7-98F6-ABF662F00760,,0,Random FF:DC:50:94:02:A7,,2001-02-10 04:15:54,0,0,,
47729298-8A0D-3D77-E1D1-5DAC48FFBF2D,,0,Random D5:4E:B6:29:DB:62,,2001-02-10 04:15:56,0,0,,
5315F4C4-BC32-3541-B58A-43A695782C69,,0,Random F7:25:D6:B5:4E:71,,2001-02-10 04:15:49,0,0,,
89129BFC-496A-B3A1-E061-2F331E8F0E86,,0,Random F7:B1:82:3A:0C:AA,,2001-02-10 04:15:50,0,0,,
8FE49AD0-C852-DD0F-85FD-5C233D1339EF,,0,Random D3:AD:5C:38:87:9D,,2001-02-10 04:15:55,0,0,,
AB6DEAE4-93A2-F3C9-9266-1FD2E6FE640D,,0,Random D6:7A:70:70:15:2B,,2001-02-10 04:15:51,0,0,,
00EAB33D-DCC7-B336-7AED-F04E61CAF5E0,,0,Random F7:1C:70:98:1B:1A,,2001-02-10 04:16:00,0,0,,
21C06B3A-817F-392A-2128-3B8977D21F44,,0,Random CB:D6:27:7A:AF:71,,2001-02-10 04:15:59,0,0,,
9F529A87-4BED-DDEE-FDC5-BB77614CED7E,,0,Random E5:A1:26:A6:44:23,,2001-02-10 04:15:58,0,0,,
E646D1BE-5503-B820-4BEC-7DE0EE7B7AE2,,0,Random DA:A6:AF:C6:A4:03,,2001-02-10 04:15:57,0,0,,
027F30DF-731A-EC76-047E-7C9C77553D82,,0,Random E4:A3:14:EC:D2:57,,2001-02-10 04:16:03,0,0,,
28FBA34B-9DA7-22A3-C0F8-A35D9F98BBA3,,0,Random CC:47:9E:B0:62:E8,,2001-02-10 04:16:01,0,0,,
297D36D5-9D10-9E25-622F-CC2C9DDBAAF1,,0,Random FE:D5:7C:D5:73:CA,,2001-02-10 04:16:06,0,0,,
351E5496-8095-37F7-5748-308288DA3A5C,,0,Random CD:83:44:58:41:BE,,2001-02-10 04:16:07,0,0,,
552D157E-87E4-F481-C51B-932F7DEFA4E7,,0,Random C9:2F:AE:FB:58:67,,2001-02-10 04:16:05,0,0,,
5A994DBD-6BF7-7580-C592-CBC32D8C50FD,,0,Random FC:2C:51:A2:46:FE,,2001-02-10 04:16:04,0,0,,
5FC16AB9-75F4-4BBD-0A60-CBDCBF440174,,0,Random DB:00:81:E3:4B:68,,2001-02-10 04:16:11,0,0,,
626238B7-568D-DBE5-40BE-DA59581C587A,,0,Random EF:22:21:AE:9C:0C,,2001-02-10 04:16:12,0,0,,
6BAB8DB1-8395-2AD8-386C-7ADB8929E3E2,,0,Random CE:57:C1:DD:10:85,,2001-02-10 04:16:20,0,0,,
760482B5-ED0B-DA9C-146C-7526BBDF1FE7,,0,Random DE:51:66:72:1D:CA,,2001-02-10 04:16:16,0,0,,
AF7F0162-98C4-AD23-FCD5-A5389DD6501E,,0,Random EB:74:AB:FF:7A:5A,,2001-02-10 04:16:09,0,0,,
C26C6DA9-DC30-18A5-CD8C-E12AFCE449F0,,0,Random FA:28:17:E8:68:B4,,2001-02-10 04:16:19,0,0,,
D7F61666-81C4-5864-CB03-D784786D493A,,0,Random E8:0A:29:B4:C5:82,,2001-02-10 04:16:14,0,0,,
DDFCCD34-DEB2-BB05-A804-6F6AC7C857F1,,0,Random D0:48:1B:40:C2:20,,2001-02-10 04:16:02,0,0,,
E26A0D71-3147-3CCD-4B6C-8E6196BFA7BD,,0,Random FE:6D:F9:F6:4F:1C,,2001-02-10 04:16:13,0,0,,
0F2A6DFE-BFFF-8371-D398-4EE393753CB4,,0,Random FC:7A:E7:62:FE:4A,,2001-02-10 04:16:26,0,0,,
4BAEF998-5A74-FCD5-9AA0-ACD373D70077,,0,Random D0:1D:E0:5F:17:21,,2001-02-10 04:16:30,0,0,,
5F460828-0236-CE45-2020-09EB0649F227,,0,Random C4:B8:96:59:85:8D,,2001-02-10 04:16:22,0,0,,
77A709D5-187D-8907-E910-7A75ACB9F6BA,,0,Random DD:DA:62:AB:27:27,,2001-02-10 04:16:28,0,0,,
8632C1D1-4180-0575-43F1-7E314050CA46,,0,Random EE:42:B8:60:3D:DF,,2001-02-10 04:16:21,0,0,,
B86B7883-3B53-32A9-4C23-49F51BFFCAD2,,0,Random D1:1A:E6:F0:60:57,,2001-02-10 04:16:25,0,0,,
0A32D47D-EB4B-FE66-F031-9F2FB901C8E6,,0,Random F6:12:41:66:55:13,,2001-02-10 04:16:55,0,0,,
13781CBA-8093-58EE-A13E-F744B5395FDA,,0,Random E4:7B:7B:98:3D:19,,2001-02-10 04:16:43,0,0,,
17076F6E-77C4-4D65-39AE-0D061A0F2965,,0,Random CB:71:2C:DE:FF:72,,2001-02-10 04:17:08,0,0,,
3BE524F4-0221-E876-7D3E-71314B529C37,,0,Random E8:5F:27:85:9F:77,,2001-02-10 04:17:04,0,0,,
3D03D334-8BB3-7544-B6B0-9DA72BE364EC,,0,Random F7:70:8A:0B:59:AB,,2001-02-10 04:17:05,0,0,,
46959023-3C47-D436-B06E-1CCA0A73B857,,0,Random E1:37:D3:AF:F2:F4,,2001-02-10 04:17:06,0,0,,
4A583B70-10E7-06C7-20EE-7DE14B575932,,0,Random DF:77:02:93:A5:90,,2001-02-10 04:17:11,0,0,,
52B933B9-32C7-1139-2908-CD5639C853A0,,0,Random E2:61:E8:BB:18:D4,,2001-02-10 04:16:58,0,0,,
543725D2-52C5-9EAA-352C-56323894D2FF,,0,Random EC:F9:A7:F0:71:93,,2001-02-10 04:16:54,0,0,,
55AD9CD8-A3A3-28B2-EB14-C3D22B0011D4,,0,Random C4:58:45:63:49:C0,,2001-02-10 04:17:09,0,0,,
5876FD25-B8D4-7B3F-F9B7-EF75735771E4,,0,Random D5:BB:5A:13:A6:E6,,2001-02-10 04:16:56,0,0,,
599AA973-DEC9-D728-C576-C4AD8552C308,,0,Random D7:52:12:A8:73:67,,2001-02-10 04:16:50,0,0,,
5EA33A7A-5BB5-2263-A390-5142CC4AB94F,,0,Random F7:80:2A:0D:6D:13,,2001-02-10 04:17:12,0,0,,
6C82D0F5-D43B-1313-2F82-9125D5DEB196,,0,Random C0:D4:F0:97:43:4E,,2001-02-10 04:16:45,0,0,,
70B68F27-9E54-C84A-D5CC-748D6BF8D1DF,,0,Random CD:A8:C0:30:2F:88,,2001-02-10 04:17:00,0,0,,
7CC0B239-F76E-0B60-538E-70CB4CF98E74,,0,Random F5:AF:04:8D:21:4A,,2001-02-10 04:17:14,0,0,,
8167D7B6-85D6-BF34-FBD0-D651BA749107,,0,Random DF:B4:BE:97:AD:34,,2001-02-10 04:17:03,0,0,,
8EEF0814-9615-E890-CD3E-975BB7594E98,,0,Random D9:2C:73:75:8A:C5,,2001-02-10 04:16:34,0,0,,
8F0A6230-CCF8-C638-95C4-F4F209E05C6D,,0,Random EA:2A:7A:8C:5F:23,,2001-02-10 04:17:10,0,0,,
A0E1D56F-33E5-DC6D-2E4B-2E55DF40FC1F,,0,Random F4:F6:16:6A:6B:99,,2001-02-10 04:16:44,0,0,,
A5FBBC5C-EC54-FF88-197C-816D43B33B78,,0,Random E1:D1:FD:F7:7E:02,,2001-02-10 04:17:13,0,0,,
A714C43A-C35D-D4F8-F783-5DB968C0A5A6,,0,Random E2:2A:A9:E8:8A:49,,2001-02-10 04:16:59,0,0,,
B03B8EB8-AD52-FFF3-97DE-6F7358445754,,0,Random FE:30:5E:70:73:EE,,2001-02-10 04:17:07,0,0,,
B783B318-3B7B-6B85-497E-86EE03473BF1,,0,Random EB:33:4D:58:00:82,,2001-02-10 04:16:31,0,0,,
C33158DF-C6F0-13CC-DD7C-04BA35A05DDE,,0,Random CF:CF:B3:09:C4:20,,2001-02-10 04:16:57,0,0,,
CA8E8FEA-0C2B-9FB1-5C6E-A320AE0A795B,,0,Random ED:E3:82:2F:8D:43,,2001-02-10 04:16:38,0,0,,
D8D61571-DFCD-1A8F-62CA-23CE8AFD9B7F,,0,Random DA:61:48:36:47:74,,2001-02-10 04:17:01,0,0,,
DE7C09BF-ADD0-A6E0-28BE-CCE3AEEDAFAA,,0,Random FB:BF:7B:FF:26:C2,,2001-02-10 04:16:51,0,0,,
E410DB9D-E8E7-B960-F193-F52A0303B6FF,,0,Random D9:64:3F:B9:40:AD,,2001-02-10 04:16:35,0,0,,
FF29B781-B32B-9D74-5399-90AA04020135,,0,Random E9:D9:0E:F5:9F:6D,,2001-02-10 04:16:42,0,0,,
0210E9DD-E999-E3D7-B640-40431E90CDB7,,0,Random CF:B1:6E:17:A7:C3,,2001-02-10 04:17:30,0,0,,
12AB9CDD-49D5-683E-CAB1-1C6A006562B1,,0,Random C0:36:7D:54:E9:38,,2001-02-10 04:17:15,0,0,,
188E5C10-97CC-0416-BB2D-CFD08189F9CB,,0,Random DD:AA:9E:2F:B3:73,,2001-02-10 04:17:35,0,0,,
27FD634B-6F9B-514A-DE01-87A0A254BCB0,,0,Random E1:36:26:01:FB:55,,2001-02-10 04:17:29,0,0,,
3880561C-FA87-A7F2-AB53-34248448528C,,0,Random C0:FD:9C:15:D9:BC,,2001-02-10 04:17:17,0,0,,
472CF4BD-0234-D5C2-E759-3DD50D14E77C,,0,Random DF:4B:64:2D:EA:C5,,2001-02-10 04:17:25,0,0,,
4A147716-92F9-7302-94C0-1F4488343FD8,,0,Random F7:BD:3B:3F:FC:AD,,2001-02-10 04:17:19,0,0,,
4C91BE0F-E8EB-5D41-75C6-C6A0A92135D2,,0,Random D3:E8:3B:78:CB:88,,2001-02-10 04:17:31,0,0,,
6073C59A-5C6A-C6E6-5074-570F7EA7EBF2,,0,Random E3:58:7B:09:80:D5,,2001-02-10 04:17:26,0,0,,
6D26075E-DFD2-B4DA-A150-0D48048DABB8,,0,Random E2:DB:D4:39:98:C0,,2001-02-10 04:17:16,0,0,,
A08E1AC1-AABE-92E5-EE8E-D6BB9975D2F0,,0,Random CE:EE:CF:DD:0E:13,,2001-02-10 04:17:28,0,0,,
A19D0E06-6C2A-B9A9-3FC0-12997487E923,,0,Random C9:EF:BC:52:99:DE,,2001-02-10 04:17:18,0,0,,
B03B352A-C901-2165-3B71-11406A10B9E0,,0,Random FE:82:85:65:21:CF,,2001-02-10 04:17:23,0,0,,
B10FC291-DE30-A284-BDB8-54CD10E3D56E,,0,Random E7:71:5E:3A:9D:02,,2001-02-10 04:17:24,0,0,,
BCB4CCD4-7ACB-7A7E-6523-2022C7B2268B,,0,Random D5:71:2B:DA:DA:11,,2001-02-10 04:17:21,0,0,,
D5BEA6C7-D4A1-5985-ABC2-CA863D86A472,,0,Random E5:16:55:45:B6:DB,,2001-02-10 04:17:27,0,0,,
ED5F5F9E-05B2-442E-E486-542AD180044A,,0,Random CB:DB:4E:63:19:56,,2001-02-10 04:17:34,0,0,,
2395D223-F0E4-5AF4-30B5-289F7151FDBE,,0,Random D7:26:B5:25:73:A4,,2001-02-10 04:17:46,0,0,,
42298D80-8F67-6D57-6452-B4ADF959F597,,0,Random F9:65:59:6D:48:66,,2001-02-10 04:17:45,0,0,,
47079EF4-ED98-1A7E-9E84-F85719592061,,0,Random D8:2A:CD:4D:00:0C,,2001-02-10 04:17:37,0,0,,
65E37693-FF8E-C726-4E5D-EFF1636888FD,,0,Random E1:06:DE:11:CA:E0,,2001-02-10 04:17:42,0,0,,
67A3B8C1-FA98-A4CA-4A89-B6270DBA695C,,0,Random E4:EF:0D:5C:0C:B7,,2001-02-10 04:17:41,0,0,,
74EED7C4-483E-F2AB-10EA-D28EF568F657,,0,Random FC:15:B5:37:F0:C9,,2001-02-10 04:17:43,0,0,,
89BEE8DF-4F05-0D39-D4E4-1FF1C906A3ED,,0,Random CA:55:6C:4F:05:24,,2001-02-10 04:17:49,0,0,,
8A3BEB92-068B-BB8A-394F-EC0825B972CE,,0,Random EA:FC:4D:9D:CB:4A,,2001-02-10 04:17:47,0,0,,
A63973AD-6659-03D6-B7D9-478C4D805BA3,,0,Random F7:12:F0:9D:2D:C2,,2001-02-10 04:17:50,0,0,,
B43DE8F1-8D61-520D-87E0-B970D5A6F27C,,0,Random F1:58:48:AD:D7:97,,2001-02-10 04:17:40,0,0,,
D6C221C2-0825-FAC5-16DD-EE62D2D5C541,,0,Random EA:98:FC:43:36:AD,,2001-02-10 04:17:48,0,0,,
F38042BA-171C-137D-98B4-5D5310825C24,,0,Random F4:79:4C:FB:A0:A4,,2001-02-10 04:17:44,0,0,,
28707A6A-73FD-95AE-6DF5-52B506F0C08B,,0,Random E7:0C:D8:E6:C6:C5,,2001-02-10 04:17:51,0,0,,
5006E9F7-19D8-47D6-9A12-782215BA49FD,,0,Random CE:B0:91:A5:94:CA,,2001-02-10 04:17:53,0,0,,
D55CFFB4-B5CB-B21C-92FF-256F0B818340,,0,Random E7:47:A2:19:B9:2E,,2001-02-10 04:17:52,0,0,,
FE9FA081-6392-18A3-41FC-63FD2B0B400F,,0,Random EF:E0:E3:C5:C2:5F,,2001-02-10 04:17:54,0,0,,
12504F81-C6F0-747D-7572-ED58A0369207,,0,Random C9:6D:E7:29:5A:13,,2001-02-10 04:18:52,0,0,,
177E680D-77C5-CFAC-E85A-1E5128C36909,,0,Random D8:6F:91:99:ED:81,,2001-02-10 04:18:05,0,0,,
178FC902-E77E-F15D-2065-E904F422A159,,0,Random F0:6C:62:A9:87:A8,,2001-02-10 04:18:11,0,0,,
26462629-635D-CE8A-06DF-FC50F0E39DE4,,0,Random E2:35:D2:DB:EF:82,,2001-02-10 04:18:54,0,0,,
2FCC4AAD-B1CF-7FA4-0E2C-1572BFDF1EF0,,0,Random DB:9C:89:48:85:32,,2001-02-10 04:18:42,0,0,,
3DB8404C-EC94-E79F-2536-CB56FF73D751,,0,Random F0:9B:39:B0:E8:0E,,2001-02-10 04:18:28,0,0,,
4CE4DCCC-1CA7-0BA8-AF5B-D9B45F08531A,,0,Random C2:6D:12:80:37:8A,,2001-02-10 04:18:14,0,0,,
54E77786-03DD-C045-2A46-3BB3D5C28AD3,,0,Random E5:22:57:51:8B:37,,2001-02-10 04:18:37,0,0,,
5AA6F430-4D37-0777-4AAA-FF1E5686DAC5,,0,Random CC:36:20:4A:D5:62,,2001-02-10 04:18:59,0,0,,
67CFC7DD-25CB-B295-6E62-2CE45BDE66DC,,0,Random EF:80:72:C5:88:29,,2001-02-10 04:18:04,0,0,,
68EDCACE-267F-7954-E08B-FAD3B7F6BCC0,,0,Random D1:06:56:32:C8:06,,2001-02-10 04:18:29,0,0,,
6E8E4155-EF5D-368C-D9B9-3F9F821F8488,,0,Random E6:E5:27:AF:D7:69,,2001-02-10 04:18:48,0,0,,
6E94D099-F3EB-2CB9-D7F9-EDDB987D4BAE,,0,Random F1:C4:F2:48:C7:37,,2001-02-10 04:18:46,0,0,,
702F0DD8-74F3-8D63-97F7-A30D7B5F0943,,0,Random F3:B0:32:0A:75:87,,2001-02-10 04:18:49,0,0,,
7A0F58CF-04F9-D18E-1B3C-CDBA22345A64,,0,Random D7:5A:7E:91:92:C7,,2001-02-10 04:18:41,0,0,,
807EA362-CBC9-CE48-3845-3C3F657F8B7E,,0,Random D3:0C:E4:2E:A2:ED,,2001-02-10 04:18:51,0,0,,
8398BFBD-3263-14D1-4FD7-8BB3C0C61FC1,,0,Random C4:83:A7:41:9D:FC,,2001-02-10 04:18:43,0,0,,
88E1CA1D-EA0D-26FC-BC47-276F24E3A989,,0,Random E4:EA:F4:ED:90:7F,,2001-02-10 04:18:27,0,0,,
8B783C13-23C1-4968-D9D2-BC2B668D697B,,0,Random DD:3B:92:1E:CA:6E,,2001-02-10 04:18:45,0,0,,
99F0A63A-8EE7-CF9D-8783-1FC7BA629EC7,,0,Random F7:7D:E1:F4:5A:0C,,2001-02-10 04:18:35,0,0,,
9EB3348D-AF2E-2C1F-D95E-96B88B21DEF5,,0,Random C7:C4:29:D8:47:A2,,2001-02-10 04:18:26,0,0,,
A43FCC3F-9197-188D-944D-134CE7952B03,,0,Random CD:AF:09:A7:CE:E6,,2001-02-10 04:18:15,0,0,,
A942AFC2-EE61-D81C-FBAC-1F3CA41A8181,,0,Random D2:09:41:EB:F1:B5,,2001-02-10 04:18:57,0,0,,
A9B2A15A-445C-4A2B-2678-F3851E452DEF,,0,Random CA:57:2E:1E:52:C4,,2001-02-10 04:18:10,0,0,,
AB5C01F3-5701-C965-E41C-C1D8F34F977F,,0,Random DD:5C:93:CE:40:AA,,2001-02-10 04:18:34,0,0,,
AB92B83F-FEE3-DD61-8166-350716188C58,,0,Random DF:E5:DF:F1:8E:38,,2001-02-10 04:18:40,0,0,,
BAEAD3DD-0B34-6014-6996-84351E171A81,,0,Random DD:16:46:AF:73:56,,2001-02-10 04:18:06,0,0,,
BF31D7CB-E5B9-5AF1-6DA5-1D463014A3B4,,0,Random F2:74:39:F9:FF:A0,,2001-02-10 04:18:33,0,0,,
C02196E0-499A-7402-E039-01CB565311F0,,0,Random F3:FA:70:18:5F:36,,2001-02-10 04:18:25,0,0,,
C16C69F4-21A4-E1D3-1A68-61EC88BABDDE,,0,Random D3:0F:50:D2:6A:D4,,2001-02-10 04:18:39,0,0,,
CBFA8394-FEA8-B7F3-0883-00C7D57BCED5,,0,Random F3:11:B4:63:A4:F3,,2001-02-10 04:18:44,0,0,,
CF6CE895-837C-D1B4-1703-43729072249F,,0,Random F9:FC:37:2D:A0:E8,,2001-02-10 04:18:32,0,0,,
D4CC6EE5-D76D-05B8-5533-676357D887DD,,0,Random FE:EF:E8:1D:FE:20,,2001-02-10 04:18:36,0,0,,
DA1C0A7D-3828-80A8-A966-523486D7D026,,0,Random D3:B2:CF:16:F3:46,,2001-02-10 04:18:30,0,0,,
E982F6B3-3EA9-50D8-F9C4-EF227B812001,,0,Random CB:DC:73:07:2F:75,,2001-02-10 04:18:47,0,0,,
EC6229B8-4E13-902A-83DA-D488531F20CF,,0,Random E2:93:E3:B0:19:06,,2001-02-10 04:18:31,0,0,,
F991C6A9-9950-F4C9-B7E4-81662BC78CBB,,0,Random CB:82:BF:43:63:CC,,2001-02-10 04:18:56,0,0,,
FF11CFB1-52DA-472F-3361-DE36F24C16F6,,0,Random F4:EA:8E:F6:50:37,,2001-02-10 04:18:08,0,0,,
3E4E71B5-5EAC-9FB9-8A4F-1BD4833C0CF9,,0,Random D1:96:B4:A9:12:23,,2001-02-10 04:19:00,0,0,,
43E9C42C-CD56-AA7D-910E-9DAFBC88CDFB,,0,Random DD:A0:23:4D:57:37,,2001-02-10 04:19:03,0,0,,
28110D81-D21D-76F3-65AA-D556B2A9D6EE,,0,Random EB:AB:BC:8C:A7:CC,,2001-02-10 04:19:20,0,0,,
2CD3037A-86B8-A4EE-2362-556ADA3D2E0C,,0,Random D8:15:DB:69:3C:74,,2001-02-10 04:19:17,0,0,,
36A4DC5E-E8F1-D6E9-D868-E11A5F831B52,,0,Random D2:F4:B7:AF:F8:C1,,2001-02-10 04:19:13,0,0,,
91620BA6-4159-8E29-5BA1-63094282610D,,0,Random D6:BB:57:1F:D9:23,,2001-02-10 04:19:21,0,0,,
BAA48BB6-8C9F-356D-89CF-46255BBC310E,,0,Random C2:B2:4C:C3:A5:34,,2001-02-10 04:19:19,0,0,,
175F6041-6C94-FB59-62F7-989CDF214577,,0,Random E7:42:EE:CC:66:7D,,2001-02-10 04:19:22,0,0,,
492392CA-BA1B-39BF-F9E7-612C75E83C31,,0,Random C6:47:BB:7E:AD:42,,2001-02-10 04:19:37,0,0,,
51B60001-FDF7-A8EC-B89F-7430F86C544F,,0,Random E0:46:F1:B9:AB:79,,2001-02-10 04:19:46,0,0,,
9017FDB5-C75F-B5E6-50A6-0B3D10C3BC26,,0,Random F0:52:D1:79:94:A7,,2001-02-10 04:19:26,0,0,,
91678751-8A62-80AE-A53A-4AC7039679AE,,0,Random F7:97:98:04:B4:F1,,2001-02-10 04:19:40,0,0,,
C3BC97E7-69A7-1037-84F0-439BEC50EA4B,,0,Random C7:D0:7E:A3:E3:43,,2001-02-10 04:19:45,0,0,,
C3D3B5D2-EE80-4EAF-2957-84C56DBAB934,,0,Random D6:18:F0:F3:75:D4,,2001-02-10 04:19:48,0,0,,
CB637BE5-FBB3-B0DF-261F-04DBC83C566A,,0,Random D1:05:C4:33:D6:7D,,2001-02-10 04:19:36,0,0,,
CEAC959C-0FCE-BF38-17C6-A05DA009223A,,0,Random C7:31:52:B2:C4:0C,,2001-02-10 04:19:44,0,0,,
E5D7D065-77A5-CFAF-1CB9-06BD3719CF78,,0,Random E6:B6:E3:E6:3F:F0,,2001-02-10 04:19:47,0,0,,
F1E46C38-CF3F-77F3-FF91-C4287EF9AB99,,0,Random C0:B6:4D:22:ED:C3,,2001-02-10 04:19:38,0,0,,
92E91531-43CE-C24F-8325-0A417825F719,,0,Random F9:6C:4D:8A:92:80,,2001-02-10 04:19:49,0,0,,
0DEAF3C8-634D-7965-BFE8-1EA2EAE63B71,,0,Random F7:E4:19:27:5E:57,,2001-02-10 04:19:50,0,0,,
BB77734E-43E5-8911-4628-6CCA053CB306,,0,Random D4:38:68:DD:DF:07,,2001-02-10 04:19:51,0,0,,
682E2D7A-2437-E1DE-D7CE-694B1AD7DA27,,0,Random E6:D4:53:69:7A:19,,2001-02-10 04:19:52,0,0,,
34D46D93-0A9A-2B1A-74C5-79FA4FE2EEC1,,0,Random C7:98:A9:D3:9E:63,,2001-02-10 04:19:54,0,0,,
F2BE36B7-BAF4-E731-2C14-02D5771D76A2,,0,Random D9:CB:47:53:D8:7D,,2001-02-10 04:19:53,0,0,,
0A590D08-CF3D-09FA-5FED-2B9E150D70FA,,0,Random E7:C7:F7:04:0A:83,,2001-02-10 04:19:55,0,0,,
51B91EB2-846E-AC05-3549-51A47F872329,,0,Random C7:DF:E2:5E:15:53,,2001-02-10 04:19:56,0,0,,
BDBD42AC-DAFE-A2F2-46D1-0599449DFBF9,,0,Random ED:E7:35:57:C3:71,,2001-02-10 04:20:01,0,0,,
716E7843-CA02-60F7-4710-ABD845CF3A40,,0,Random F3:6D:69:97:63:72,,2001-02-10 04:20:03,0,0,,
B8824795-A266-0839-611A-0F8150E598B2,,0,Random F9:A0:E0:96:5E:9C,,2001-02-10 04:20:04,0,0,,
1A861034-4C44-3373-7CC1-71899B8EA9F0,,0,Random F0:04:DB:80:F1:66,,2001-02-10 04:20:29,0,0,,
2492C89F-E6DC-EA78-DD5A-928DCBC21451,,0,Random EE:C5:A1:0D:32:8F,,2001-02-10 04:20:15,0,0,,
2E7FC7AE-2ECD-53FC-909E-2AE4232EDFD0,,0,Random F3:0D:4C:D8:0B:0D,,2001-02-10 04:20:27,0,0,,
374315DA-1441-9C96-9F47-57EF16B7BC67,,0,Random C6:97:19:33:59:43,,2001-02-10 04:20:35,0,0,,
4853DB7D-1C2C-5B32-6DEE-5279B16D204C,,0,Random E6:EB:BE:AA:B3:EB,,2001-02-10 04:20:18,0,0,,
53A475C4-7291-4EEB-5D2B-2C7DE263C4C5,,0,Random C3:BE:68:30:B1:14,,2001-02-10 04:20:11,0,0,,
5C3588B5-B3B2-D6CA-1B5E-2BB045BF8CA8,,0,Random D5:8F:EF:9C:D7:0A,,2001-02-10 04:20:10,0,0,,
6420EE84-AC6E-50CF-6D23-9B2CDB93B77F,,0,Random F3:2C:8D:37:14:8E,,2001-02-10 04:20:09,0,0,,
68924718-DC0C-80A5-CB0A-ECB75DD0781D,,0,Random CA:EE:39:1C:BF:B8,,2001-02-10 04:20:17,0,0,,
7A0E301F-0BFE-270B-655B-4D806CB25F91,,0,Random E5:64:A0:C3:32:7F,,2001-02-10 04:20:39,0,0,,
8BA951DE-3A58-0A11-7295-4D874F20D829,,0,Random E5:06:5C:E2:38:A5,,2001-02-10 04:20:19,0,0,,
8BD1A71E-E237-743E-47DD-F8CBAE197736,,0,Random D3:63:3C:AA:6D:07,,2001-02-10 04:20:30,0,0,,
9D63EA7E-0E11-2CE0-3FF8-B101456E16AC,,0,Random D4:DC:7F:6A:EA:BD,,2001-02-10 04:20:28,0,0,,
A42E9103-9C25-1A0F-8D58-EA08A5C6154C,,0,Random E5:4E:9E:99:7B:1B,,2001-02-10 04:20:08,0,0,,
A82870F0-237E-F24E-705B-BC4DD2009509,,0,Random C2:F3:7F:24:A8:F1,,2001-02-10 04:20:38,0,0,,
A8373389-A7B5-6EDB-72DD-1DB9AD91186D,,0,Random D3:5B:11:0B:D7:17,,2001-02-10 04:20:36,0,0,,
AEE8F154-1C60-5154-C076-BFCDABCC1D2A,,0,Random E4:0E:00:1E:FA:AE,,2001-02-10 04:20:14,0,0,,
B1042946-1780-7FD4-F537-1CF344711ED6,,0,Random DA:9B:15:37:0E:1B,,2001-02-10 04:20:20,0,0,,
B8ACAB17-B26B-A1DC-ECC7-5627C1213BE3,,0,Random ED:A5:F0:72:45:EE,,2001-02-10 04:20:13,0,0,,
D51EE92C-7427-BAC0-AFDD-AC7B79292F51,,0,Random C1:5E:EA:3F:45:C1,,2001-02-10 04:20:34,0,0,,
DDD69C6B-5CD1-F3F9-968A-6946FA5F2D3D,,0,Random EA:C4:C5:8D:3F:FE,,2001-02-10 04:20:32,0,0,,
E51EF927-4542-F4E0-3BBA-7F8AB1683322,,0,Random FA:84:CC:F1:44:54,,2001-02-10 04:20:16,0,0,,
E67C13FB-73AB-B83B-FA51-25915AA520F8,,0,Random D3:76:86:ED:92:7D,,2001-02-10 04:20:24,0,0,,
F2CDEDD4-79C2-310A-D0B5-38B53C2FE9EB,,0,Random F3:5D:F8:33:32:2E,,2001-02-10 04:20:12,0,0,,
F64E8C92-EE0B-08DC-356E-ED3F890D98AF,,0,Random FB:5C:8C:74:18:52,,2001-02-10 04:20:07,0,0,,
2FE347CC-88BA-F36E-6719-377BCB53C4EA,,0,Random C5:01:FA:04:A7:C5,,2001-02-10 04:20:40,0,0,,
3F42D1E3-69C6-D451-A431-AA4503447E71,,0,Random CE:B4:81:D2:84:09,,2001-02-10 04:20:42,0,0,,
830316F1-7888-1532-19BB-34FBA045FE99,,0,Random EC:F1:95:63:3D:8B,,2001-02-10 04:20:41,0,0,,
1469584B-2742-35ED-B91C-16CD08573D4F,,0,Random EF:0F:60:E4:C7:E3,,2001-02-10 04:20:47,0,0,,
1F5C048F-A099-6B73-9ED9-DB2BDA281701,,0,Random F2:21:B5:FC:70:19,,2001-02-10 04:20:52,0,0,,
20110F6F-8186-7187-A94C-FAAE79C33619,,0,Random E9:15:BB:98:D4:4F,,2001-02-10 04:21:02,0,0,,
2091358E-F003-686D-2495-D54B218B1C39,,0,Random FC:12:C9:66:C4:F9,,2001-02-10 04:20:50,0,0,,
248EF18F-D34C-1573-C09A-53330AD1981B,,0,Random DF:46:FB:9A:1A:DC,,2001-02-10 04:20:48,0,0,,
294ADB25-FD74-598A-D30A-2999923A2CA4,,0,Random FE:C8:B6:05:0C:1B,,2001-02-10 04:20:45,0,0,,
3314B14F-D076-ACD9-D1F3-50F043789E9E,,0,Random F8:79:F0:9B:75:8C,,2001-02-10 04:20:46,0,0,,
3DE1CAB4-270F-F527-EB01-392EC0EFA329,,0,Random E8:09:E2:D2:33:4F,,2001-02-10 04:21:04,0,0,,
80955197-2D26-F4C5-6BF5-07006FFFB148,,0,Random EA:19:B2:4D:3D:BA,,2001-02-10 04:20:59,0,0,,
885E2DB3-E913-0F2A-A193-541F0265A5FD,,0,Random CB:5F:F4:58:8C:37,,2001-02-10 04:21:00,0,0,,
AB48CEBA-A9A8-C269-A044-D8D0A18809FD,,0,Random D6:97:90:61:F9:37,,2001-02-10 04:20:58,0,0,,
D22D0C4F-D20D-B8C2-2EDD-6F08B43D4E41,,0,Random D6:20:9B:9F:7F:7E,,2001-02-10 04:20:43,0,0,,
DDC5E860-D322-69A8-7075-BDA6B473BCCF,,0,Random E9:8D:60:D2:22:51,,2001-02-10 04:21:03,0,0,,
DF8BA014-99CB-1E3A-3249-50FCF04A2E2C,,0,Random E9:E1:1E:30:01:80,,2001-02-10 04:20:55,0,0,,
E7F1F642-AC41-9E9E-268D-5709CE01C72A,,0,Random D3:1A:EB:D4:13:5C,,2001-02-10 04:20:49,0,0,,
0FBC93AF-C50D-78B1-6D47-538E01593FE5,,0,Random D2:30:64:61:B3:8E,,2001-02-10 04:21:05,0,0,,
64832F34-6FDB-0D66-4C3D-80E032A0A016,,0,Random D6:28:22:C7:15:3E,,2001-02-10 04:21:06,0,0,,
714283C2-F78C-F6F6-B66F-2404D4E62BD6,,0,Random EA:3E:CE:9F:D6:66,,2001-02-10 04:21:07,0,0,,
9DC1A582-110F-2A5A-FE9B-5B7294672008,,0,Random CF:38:ED:C8:F0:4E,,2001-02-10 04:21:09,0,0,,
EBE66A68-2913-AD0F-5109-C3478ED01A3F,,0,Random F8:1D:60:32:D1:D3,,2001-02-10 04:21:08,0,0,,
1E1E94C8-4C33-4995-3506-8858D453004D,,0,Random DD:AA:E6:54:BA:B8,,2001-02-10 04:21:16,0,0,,
28D21A98-6A87-722B-B4EC-4D4CED4947B4,,0,Random F9:42:41:9F:04:48,,2001-02-10 04:21:24,0,0,,
30E52638-DF8B-B6AC-EF04-5966211B0B3E,,0,Random C7:7F:49:C9:E4:59,,2001-02-10 04:21:20,0,0,,
3D79B1DC-91C5-79A0-A95C-624F54090CEC,,0,Random F6:45:CE:6C:27:C3,,2001-02-10 04:21:19,0,0,,
3E357FAD-AC33-5F12-1909-8D384E68259F,,0,Random E6:69:60:4D:F5:67,,2001-02-10 04:21:13,0,0,,
54A65418-F0A6-D421-C10F-3A9C1F28EC3E,,0,Random CC:72:8B:61:7F:4F,,2001-02-10 04:21:18,0,0,,
715A81B6-C4AB-3F8F-E9B5-BE1A9EED9852,,0,Random F6:8B:EB:ED:FF:A8,,2001-02-10 04:21:21,0,0,,
78EE5BCE-BC4C-0EAB-B2A6-D564C2058253,,0,Random DE:B1:61:A1:4E:2D,,2001-02-10 04:21:22,0,0,,
802632D6-3FCB-AD04-4962-3BC65DD62CFD,,0,Random FA:CE:E0:D4:AB:6B,,2001-02-10 04:21:17,0,0,,
9AB7B17C-17CC-DAE1-820D-6C334939A25C,,0,Random E0:D2:FE:45:6B:DB,,2001-02-10 04:21:10,0,0,,
B40096B4-BA41-904C-14A0-70EB6B6E56F2,,0,Random F7:2E:96:83:75:8D,,2001-02-10 04:21:11,0,0,,
C842DBBC-09C9-CF75-CC67-3D4DF12175E0,,0,Random CF:9F:FA:A1:81:AD,,2001-02-10 04:21:12,0,0,,
E187FF80-721D-1746-8928-E920E7975AFA,,0,Random DD:7E:0F:13:F6:42,,2001-02-10 04:21:14,0,0,,
F92930FB-54A0-0021-C301-66833C9CC09B,,0,Random CC:27:00:39:FA:51,,2001-02-10 04:21:15,0,0,,
95C83BE6-ED8A-BA86-3149-8102B334253A,,0,Random E7:B7:5B:D2:07:7A,,2001-02-10 04:21:25,0,0,,
181F2BCA-C1A2-E76D-369D-DAA8FBFD0372,,0,Random E9:A5:ED:E0:E8:3C,,2001-02-10 04:21:29,0,0,,
3261F610-976B-91FD-7288-37834350791E,,0,Random EA:29:A0:BF:67:EB,,2001-02-10 04:22:20,0,0,,
36817C2C-F093-24FD-4918-D26FDC2FAC99,,0,Random FC:A4:EB:D2:7E:0E,,2001-02-10 04:22:18,0,0,,
41138674-BD68-8383-E500-F0BBE6E61595,,0,Random DB:61:CE:F4:6D:36,,2001-02-10 04:22:22,0,0,,
471CC9E9-FA1F-FC7A-E1C4-08B75DD2A554,,0,Random D6:C7:81:26:7A:45,,2001-02-10 04:22:03,0,0,,
4A4018DC-AFF3-B13E-F3A7-D32E557B6556,,0,Random DC:C7:E4:22:CE:E3,,2001-02-10 04:21:41,0,0,,
4C81134C-61FC-FD78-BE9B-5CD9C8A4D0BE,,0,Random FA:0D:F5:05:32:3D,,2001-02-10 04:21:39,0,0,,
4CB5D4DC-5FDE-B4AF-35D6-2CB1F64B169C,,0,Random CE:B5:C8:79:DA:11,,2001-02-10 04:21:42,0,0,,
4EAE0251-E8B1-A308-DF64-40B8919CEBAD,,0,Random E9:0A:E2:30:69:38,,2001-02-10 04:22:21,0,0,,
569943BE-67C2-9F27-B68A-EEA2CA71DDCB,,0,Random EF:C8:1B:EF:6F:B8,,2001-02-10 04:22:08,0,0,,
5CDE19E2-8194-24DB-B625-ED0E7E7FDB61,,0,Random F1:40:E9:59:FA:FF,,2001-02-10 04:22:06,0,0,,
62C3B6BD-1D1C-BF1C-875B-A99967E6241C,,0,Random F8:E6:F5:EE:A5:20,,2001-02-10 04:21:51,0,0,,
62EC4D9C-7824-4E8E-9B6D-4F15C0BD8C82,,0,Random FA:AC:4D:24:DC:48,,2001-02-10 04:22:25,0,0,,
650865E5-D322-B1CD-ACF1-F5084B875D9C,,0,Random DB:89:8C:1F:85:E3,,2001-02-10 04:21:31,0,0,,
66091CD6-51E0-43FE-21DA-77B57E46799C,,0,Random F2:FF:4E:4E:EF:57,,2001-02-10 04:21:34,0,0,,
69DC6397-04F9-16CA-2A2E-F5B773CA680F,,0,Random CB:10:BA:57:68:22,,2001-02-10 04:22:13,0,0,,
6B157C34-4BCF-6994-1AC5-ABBE15B93836,,0,Random C1:28:91:69:3A:0F,,2001-02-10 04:22:15,0,0,,
70DB2161-750D-2983-85D0-758C7BDACB83,,0,Random C3:6D:74:A9:B2:B4,,2001-02-10 04:22:19,0,0,,
75D1A18F-406A-6049-FE66-93A885E9516C,,0,Random E9:C1:09:00:C4:1A,,2001-02-10 04:22:23,0,0,,
801CC41A-7BD8-A15D-7B60-983DBFD9FA78,,0,Random E5:25:13:21:BD:22,,2001-02-10 04:22:26,0,0,,
8A30385B-6D3D-535B-1993-F06C8BD70E79,,0,Random DC:06:B8:9C:45:C5,,2001-02-10 04:21:56,0,0,,
92728535-84AA-2A76-E3A8-1954B9BDCF01,,0,Random CB:D4:D9:7E:1F:D7,,2001-02-10 04:22:12,0,0,,
94EA16DE-1053-281B-E584-43572E53BE21,,0,Random CD:D8:B9:FF:24:49,,2001-02-10 04:22:00,0,0,,
986DB6BC-F4CB-49EE-4ACB-DCC3EE358292,,0,Random CC:21:A3:1C:1C:D9,,2001-02-10 04:22:24,0,0,,
9C6C189E-58A4-3EAC-3860-D346825B357E,,0,Random D2:1D:CA:10:76:C8,,2001-02-10 04:21:58,0,0,,
C0124FC6-E4E3-5FE8-9A36-8B930654CD5E,,0,Random DD:03:75:73:7F:48,,2001-02-10 04:21:57,0,0,,
C83A682F-A2E1-2EEF-D194-EEF6EDFC4896,,0,Random E1:DA:8B:C3:CA:B4,,2001-02-10 04:22:14,0,0,,
CAC89C05-96BA-4D41-9A9C-90C94C045CFC,,0,Random F6:8E:48:47:64:DE,,2001-02-10 04:21:46,0,0,,
DBB83B95-DD7C-4863-BF83-BDA43BA54D9E,,0,Random E6:DF:B2:64:F7:EA,,2001-02-10 04:21:55,0,0,,
F287227E-1919-DC28-45F4-57BAE21D3DB4,,0,Random D1:C8:83:F8:EE:48,,2001-02-10 04:22:11,0,0,,
F5888046-ABDB-EB73-C530-B99B5694336B,,0,Random ED:54:5E:BD:8B:5D,,2001-02-10 04:21:45,0,0,,
FDCFD134-F1EE-EB8E-00F4-0D32B776583A,,0,Random DE:28:C5:5C:62:C4,,2001-02-10 04:22:01,0,0,,
019187E7-4291-6AC9-355A-B308288A221C,,0,Random D3:E4:3B:06:BE:6B,,2001-02-10 04:22:33,0,0,,
080B9FE7-A37E-ABD5-F5B7-897A7B636DA9,,0,Random C7:AB:DF:0A:27:53,,2001-02-10 04:22:41,0,0,,
14A6369B-1F9C-E82B-7BF8-7D899CF57C92,,0,Random CA:47:80:15:2D:2C,,2001-02-10 04:22:53,0,0,,
1C1A06EF-C960-DA5B-9F65-2FCDA9CA5CAF,,0,Random FD:79:B6:7A:FF:75,,2001-02-10 04:22:51,0,0,,
1CAC63B4-AA32-34B3-AABC-ED1A545B18BD,,0,Random C7:E4:53:C8:79:09,,2001-02-10 04:22:44,0,0,,
34CAFFB6-3377-B278-D626-8CD8FBE8ABB2,,0,Random EC:07:25:AC:64:62,,2001-02-10 04:22:52,0,0,,
4F807C2B-3AA4-69E8-5C16-4B61CDBD697D,,0,Random EE:AE:D4:A2:56:D7,,2001-02-10 04:22:43,0,0,,
6C433F29-B217-28D7-EF54-A47878DB7AC2,,0,Random EE:FF:E8:21:08:FB,,2001-02-10 04:22:28,0,0,,
6D95DFF3-DC2C-42F4-40DE-D87F3D49DEAF,,0,Random D1:EF:B2:2C:74:DF,,2001-02-10 04:22:31,0,0,,
9239C98D-3BFD-4082-C815-39BA84862AE3,,0,Random C7:61:45:93:6D:2D,,2001-02-10 04:22:32,0,0,,
A6F3F880-BC4F-9C22-7772-1707B7FC3A49,,0,Random F0:1E:40:B7:96:BA,,2001-02-10 04:22:36,0,0,,
ACA6D415-7FF0-AEF4-FFA6-CAA9842ED176,,0,Random C7:23:B4:EF:EF:DA,,2001-02-10 04:22:49,0,0,,
B4056939-84C5-7F1E-456E-4EC3BCF09AB0,,0,Random C7:68:9A:5D:64:1E,,2001-02-10 04:22:29,0,0,,
CBFC1F23-B40D-C73C-819F-41273F35A3C8,,0,Random F1:E8:C1:ED:CA:68,,2001-02-10 04:22:27,0,0,,
D1E36EDE-2F3F-B7ED-B173-A40F45456F7A,,0,Random F3:44:B6:BC:F0:14,,2001-02-10 04:22:45,0,0,,
D6F90DA9-D853-4C48-C749-55E436732357,,0,Random D6:4E:14:CB:21:7D,,2001-02-10 04:22:37,0,0,,
D9B3719E-D3C8-164F-E1C8-17212766DF5D,,0,Random EB:BC:FC:0E:52:A2,,2001-02-10 04:22:40,0,0,,
FAA278AC-2749-DF4F-3DA7-434687DB045B,,0,Random DF:31:47:47:70:8A,,2001-02-10 04:22:34,0,0,,
054587FA-9DEC-F8E1-CFFE-8D0F4214293D,,0,Random E1:F4:E1:A1:4E:2E,,2001-02-10 04:22:54,0,0,,
24FABC77-DBC8-8E01-6689-78B65B0A1957,,0,Random EF:A6:D5:E9:9F:59,,2001-02-10 04:23:05,0,0,,
2A2CF93A-55DA-1F15-8982-35C54567B134,,0,Random FB:11:46:95:8F:02,,2001-02-10 04:22:58,0,0,,
6E891BB7-E320-B241-30BC-A79549BF492F,,0,Random E1:4A:0B:EB:F6:E3,,2001-02-10 04:22:59,0,0,,
754809F7-BB2A-278A-9B0F-FB17D748FD68,,0,Random C0:16:FC:96:F3:5F,,2001-02-10 04:23:01,0,0,,
841BE81E-0B46-59FB-81BF-666C0A35302D,,0,Random E6:52:37:C7:E0:93,,2001-02-10 04:22:57,0,0,,
A5FA5FDD-385A-2675-80D2-19F59735CDB5,,0,Random E9:B3:06:3A:44:9E,,2001-02-10 04:22:56,0,0,,
ADE194CB-E447-A402-C887-56EEF7FE3022,,0,Random E5:CA:C8:60:CC:6C,,2001-02-10 04:23:04,0,0,,
BD798DB2-9517-61D3-3210-CBE06E450566,,0,Random C5:05:10:7F:F5:1D,,2001-02-10 04:23:06,0,0,,
BDCA2096-87DB-77D6-C785-45C0196DAF53,,0,Random E0:D4:C0:EA:91:F6,,2001-02-10 04:23:02,0,0,,
CE2F9E69-71F3-33BA-14CD-28BB48E0EEFA,,0,Random F1:4C:1C:C8:5E:14,,2001-02-10 04:23:00,0,0,,
F5C4A419-147B-EAE1-994B-90C76467E01E,,0,Random E3:51:D0:AA:6C:5F,,2001-02-10 04:23:03,0,0,,
0476A66C-A6E0-2412-AEFF-F6B21B514917,,0,Random DF:73:CD:EE:0A:CE,,2001-02-10 04:23:21,0,0,,
137FB7E2-8928-1CAF-8DE3-31E1D3E97375,,0,Random E8:32:82:4F:99:2F,,2001-02-10 04:23:18,0,0,,
1DA6DE7C-8FA7-76F9-6CD4-6CCE0519A936,,0,Random FC:D9:DF:7F:B8:72,,2001-02-10 04:23:10,0,0,,
2EB24130-0FD3-A6C3-5A8E-80079A5C3E98,,0,Random F6:F3:69:D6:37:3D,,2001-02-10 04:23:35,0,0,,
35C77B3A-28E7-047D-789E-4EF39D39F391,,0,Random F4:EF:64:6C:82:2E,,2001-02-10 04:23:20,0,0,,
38313271-AA62-1296-5D54-73BC4BF10E22,,0,Random E1:C2:81:D3:6E:BC,,2001-02-10 04:23:19,0,0,,
3CBA8910-2B41-A316-7FF1-B394E133B7F1,,0,Random C9:FD:D4:E9:D1:CF,,2001-02-10 04:23:27,0,0,,
44BC0ADA-174B-FFCA-A268-9CDCE95F1122,,0,Random C5:63:0A:CC:AA:92,,2001-02-10 04:23:13,0,0,,
49F193D6-8C75-6739-40CF-2D81E1E9D648,,0,Random D7:50:F4:83:FD:6F,,2001-02-10 04:23:29,0,0,,
4F6E585E-158F-248F-7686-78E8FDADD5B2,,0,Random EC:58:C6:06:D6:F6,,2001-02-10 04:23:37,0,0,,
5765068E-2976-D225-FFF8-0B0632CFDF1D,,0,Random E4:E1:4E:91:DA:68,,2001-02-10 04:23:09,0,0,,
5EDBF24E-59A1-8475-DA4F-4802B93BF279,,0,Random ED:7B:86:54:AE:C0,,2001-02-10 04:23:11,0,0,,
66570860-766B-9F98-8688-6801E04BDE59,,0,Random C4:41:C1:2F:F0:D5,,2001-02-10 04:23:12,0,0,,
70DDD875-3102-32D3-2F30-48AA5225E8D3,,0,Random EB:A3:9A:2A:7F:B6,,2001-02-10 04:23:34,0,0,,
7325AF9D-C24B-17F5-4068-B03716C615B8,,0,Random E9:0B:96:91:9B:13,,2001-02-10 04:23:23,0,0,,
76B97706-B6E7-B32A-7E22-F84BE6CA559B,,0,Random C7:A3:73:C0:D3:B8,,2001-02-10 04:23:26,0,0,,
7A2A6BA5-03E3-C079-0771-4CCF1F9FEBBC,,0,Random C5:8B:B1:17:AE:D3,,2001-02-10 04:23:15,0,0,,
86DE365C-8012-8466-C582-F3F4A8564B6C,,0,Random CD:82:DA:AD:E3:9E,,2001-02-10 04:23:30,0,0,,
8803DD45-1EFB-466F-4B25-CFB511B426F7,,0,Random E2:04:AD:00:70:1F,,2001-02-10 04:23:33,0,0,,
8835E018-92ED-514C-6F76-00BF2365002A,,0,Random E9:DA:B8:19:38:22,,2001-02-10 04:23:25,0,0,,
8CC20D77-531F-7C95-2CEF-B3884B0E90BB,,0,Random E5:06:90:2A:43:CD,,2001-02-10 04:23:17,0,0,,
8D21CE0D-BD23-E4AD-493A-EBBC48DB3109,,0,Random D7:9B:6A:70:40:58,,2001-02-10 04:23:31,0,0,,
94B29007-F549-7B80-4B92-7BEA26507DE9,,0,Random FA:92:F9:A4:DC:51,,2001-02-10 04:23:16,0,0,,
A3C6BCEC-930C-1564-ABF6-7CACF0DE79B5,,0,Random ED:ED:94:E5:CC:AE,,2001-02-10 04:23:08,0,0,,
A70F471A-63FE-B397-D7DA-F050AC012E2A,,0,Random D1:96:73:6F:E3:20,,2001-02-10 04:23:14,0,0,,
A72F9BDA-EEC7-F783-0175-C50D7B5F2279,,0,Random F8:2E:68:7D:7F:0D,,2001-02-10 04:23:38,0,0,,
AA0B116A-B447-2ACD-01D8-6461ECBB4A44,,0,Random FA:19:C0:8C:9D:D7,,2001-02-10 04:23:36,0,0,,
BBD40035-C267-40AA-64D3-F497178C1BF6,,0,Random F3:6A:22:8E:A1:F6,,2001-02-10 04:23:07,0,0,,
BFDC8F94-7538-8A8A-EA6E-57A35739B4ED,,0,Random D7:01:0A:1A:94:74,,2001-02-10 04:23:22,0,0,,
C0F1122A-2839-4DA3-EA7C-BF82A452ACF3,,0,Random EA:E6:44:BD:E6:1D,,2001-02-10 04:23:24,0,0,,
C40EF5F7-99A8-2468-8405-2BBE5EF72CFB,,0,Random DE:5A:A9:03:8C:4F,,2001-02-10 04:23:32,0,0,,
F75209BA-CB10-D626-37A6-D7ABD60020CC,,0,Random E9:7E:FA:A8:21:BB,,2001-02-10 04:23:28,0,0,,
64D51370-C227-547F-2B3F-CF992E2C5F5C,,0,Random C3:99:38:36:1E:43,,2001-02-10 04:23:39,0,0,,
A08AF067-A9D1-4D99-53D2-763B7123F049,,0,Random F0:37:A9:AF:F7:86,,2001-02-10 04:23:40,0,0,,
CCB18A7A-4726-E457-7D98-EE38AF57E8F8,,0,Random D0:B4:1F:3B:28:10,,2001-02-10 04:23:44,0,0,,
CDEB5F24-2466-8A33-7360-7730D3127BE2,,0,Random C1:C0:97:FB:86:55,,2001-02-10 04:23:43,0,0,,
E5CB091E-2501-775E-AED7-36A47FBDE0BC,,0,Random F2:AA:F1:63:0D:05,,2001-02-10 04:23:42,0,0,,
E5D28916-48F0-1B9E-DC7B-2851200DBBE5,,0,Random FA:AC:5D:F8:07:2E,,2001-02-10 04:23:41,0,0,,
4E7AA370-F177-4D87-DFE8-4A3ED66A0A5B,,0,Random CC:1A:CB:84:BE:53,,2001-02-10 04:23:46,0,0,,
55D20766-3FD8-9C1B-A054-E1A60C20ACF7,,0,Random D4:E6:2B:F9:AC:7B,,2001-02-10 04:23:47,0,0,,
7C96D8BD-E85C-6E82-B0F4-251246DACC28,,0,Random E1:DD:6B:EE:D3:F4,,2001-02-10 04:23:45,0,0,,
3A1473D9-88F1-08FA-297C-34BADCD63A45,,0,Random E8:0D:39:E7:DE:ED,,2001-02-10 04:23:48,0,0,,
53B90198-FDEF-761B-DB42-7B59E1C96A85,,0,Random D3:1A:32:9A:1A:02,,2001-02-10 04:23:51,0,0,,
C80A6630-0E2B-4AAB-99DF-C247AB85E47D,,0,Random F8:30:9B:5D:71:27,,2001-02-10 04:23:52,0,0,,
DCE612A4-E0AC-2B82-2113-D7CFDC04BDF8,,0,Random EE:00:0A:3B:7D:03,,2001-02-10 04:23:50,0,0,,
EE3492D3-55CC-574E-74BF-54133AFC6BFC,,0,Random C6:17:A2:AD:FB:76,,2001-02-10 04:23:49,0,0,,
0C21668B-5754-B475-F310-74D7157C8284,,0,Random C6:B6:E1:1A:09:C0,,2001-02-10 04:23:57,0,0,,
15166F3E-CF79-1F57-BB77-8524D5C06356,,0,Random C8:D4:6F:38:2E:11,,2001-02-10 04:23:54,0,0,,
708966BD-18A1-EF11-E375-B52DB153FD82,,0,Random ED:BE:1E:D4:3F:9F,,2001-02-10 04:24:00,0,0,,
A878A385-3973-2044-A251-BFF9720788EB,,0,Random D2:2C:CD:20:F8:76,,2001-02-10 04:23:53,0,0,,
CD2F9284-7C65-126C-DC29-09CE9A79CA79,,0,Random F4:36:BA:89:55:EB,,2001-02-10 04:23:59,0,0,,
E14F4170-244C-D054-7446-E241EDD4BE73,,0,Random FE:92:D3:D4:BC:1B,,2001-02-10 04:23:56,0,0,,
4923E73C-FC80-539A-362B-5A080A7F842E,,0,Random DB:89:22:74:F8:9F,,2001-02-10 04:24:02,0,0,,
C57B5C45-4335-DA06-6C40-ED877299F484,,0,Random ED:04:DE:44:70:AE,,2001-02-10 04:24:03,0,0,,
38EBD99B-1CEA-8E54-339E-8DDB4FF6B27E,,0,Random E9:04:3D:0E:4F:D4,,2001-02-10 04:24:04,0,0,,
1F26A289-E8E1-2CF0-72B1-EF68F1BCFEB4,,0,Random CB:A9:A7:E3:00:20,,2001-02-10 04:24:12,0,0,,
2AA7F6A7-13FA-5B3A-AE10-25052F3A0DD0,,0,Random F1:F0:2B:37:62:B8,,2001-02-10 04:24:11,0,0,,
35537B62-B529-A5FA-582E-0C6EF9596595,,0,Random EC:1F:98:7D:31:C6,,2001-02-10 04:24:07,0,0,,
37B2A941-646E-9DDF-2881-027002EF5A38,,0,Random F7:96:7F:81:7B:6E,,2001-02-10 04:24:21,0,0,,
38E3C9A1-7143-2D96-D12F-DEAE49E9BFFC,,0,Random FD:4B:0A:BA:73:91,,2001-02-10 04:24:09,0,0,,
412062D6-A314-5BCA-8A43-74B2F66100DD,,0,Random D0:07:BD:56:31:70,,2001-02-10 04:24:06,0,0,,
635E4ECD-69B2-9516-8B83-65005E09ABDF,,0,Random CC:E2:81:B6:A4:D9,,2001-02-10 04:24:05,0,0,,
8A8A173C-BA2B-5B52-1616-95FD9DC76DEF,,0,Random E7:70:5F:B3:DF:14,,2001-02-10 04:24:10,0,0,,
A6F581D2-8ADB-7F00-27E2-8EDD7E23C798,,0,Random F2:4F:26:36:1B:19,,2001-02-10 04:24:08,0,0,,
D26B15E2-8FA8-70D6-09D7-C5CEBB549A36,,0,Random CF:0D:42:28:CC:F0,,2001-02-10 04:24:18,0,0,,
D2CBF2F9-3CFA-7536-641F-FBD8602B1625,,0,Random C2:2C:DF:48:FF:23,,2001-02-10 04:24:13,0,0,,
FED5D1BB-4075-91BD-D896-95C6297A1E93,,0,Random FC:99:7E:BA:EF:2A,,2001-02-10 04:24:23,0,0,,
0ABD01CB-1BBC-3E82-EFEA-4958912B94AD,,0,Random E4:73:96:46:4B:E7,,2001-02-10 04:24:24,0,0,,
0C6DFDB9-6437-7C67-DBAB-7D6B8BB2ADFC,,0,Random CA:C6:05:9A:33:EE,,2001-02-10 04:24:25,0,0,,
2B1300CA-E9D5-0CAF-A66E-7E6AEA177273,,0,Random F2:F5:6A:CB:0E:3E,,2001-02-10 04:24:30,0,0,,
40E76457-0D5F-F9E9-54F0-4E7EA57449ED,,0,Random D1:63:2D:8E:77:DE,,2001-02-10 04:24:31,0,0,,
644157AF-CE81-A996-6DC5-9CA03425FD4D,,0,Random D4:3A:C1:C2:5A:68,,2001-02-10 04:25:28,0,0,,
64DF98A9-F849-1E1C-F3B5-31E7287B4452,,0,Random EF:40:FA:7D:71:79,,2001-02-10 04:24:54,0,0,,
6D249FFA-1351-1185-78CB-CB4572C3373B,,0,Random E5:57:9D:33:FE:8B,,2001-02-10 04:24:26,0,0,,
840755E2-CB88-B559-3452-8F42412B5349,,0,Random C0:81:D9:C4:24:94,,2001-02-10 04:24:55,0,0,,
9759894F-239D-CCF9-462C-902C50CD4B1C,,0,Random CA:74:01:8D:F3:DE,,2001-02-10 04:25:27,0,0,,
BA2CB59B-5BAE-D4AD-43E9-881B99ABC4E4,,0,Random F9:6D:66:5A:F4:70,,2001-02-10 04:25:40,0,0,,
BDB9984F-56CC-F6B3-1433-352C00F35B4D,,0,Random E7:F9:13:A5:90:B3,,2001-02-10 04:24:28,0,0,,
D63D0DB0-76E9-647A-8A8C-37A5F9894FA6,,0,Random D0:8F:EF:0F:D9:1A,,2001-02-10 04:25:29,0,0,,
E21F68E6-63AC-342E-C411-0A42B3BAE87E,,0,Random C5:8E:BD:5D:CC:B4,,2001-02-10 04:24:27,0,0,,
E4EAC492-AAD7-08D1-1BDA-522D15E135E4,,0,Random D9:BD:DB:F6:80:35,,2001-02-10 04:25:41,0,0,,
F9216C8B-870E-ABED-E53C-5579482B6BCA,,0,Random E6:0B:66:8F:33:E6,,2001-02-10 04:24:38,0,0,,
FABB0647-D63C-96B0-B74B-AD9F411F46A4,,0,Random F7:5B:91:E9:64:1B,,2001-02-10 04:24:29,0,0,,
0633A70D-EB8A-C51A-BBC3-7C3F60C9A726,,0,Random CE:88:45:A5:31:01,,2001-02-10 04:25:59,0,0,,
47EA7926-6343-5ADA-11ED-2EF23FDF64EB,,0,Random D0:02:3F:91:12:85,,2001-02-10 04:25:57,0,0,,
4A22E856-B898-8DCB-1750-A52D5E8CB033,,0,Random CE:0F:90:6D:65:02,,2001-02-10 04:26:09,0,0,,
59F68E7E-F5F1-58BB-1BEA-F8553536917E,,0,Random C5:3E:99:F0:B3:94,,2001-02-10 04:25:53,0,0,,
6F7A7A39-877F-00F6-6260-9036F23278B2,,0,Random DE:8D:63:C9:2C:B5,,2001-02-10 04:25:47,0,0,,
7B23D55F-FFE0-B8D3-4378-B39B07C45C75,,0,Random CA:AF:BA:94:4E:4A,,2001-02-10 04:26:12,0,0,,
929C8BA4-D707-3A55-3BFC-7E9A38A7B969,,0,Random C2:D5:57:63:62:92,,2001-02-10 04:26:04,0,0,,
ADCE063A-C632-E43E-9313-A8A8CE78D759,,0,Random E7:93:54:8F:33:62,,2001-02-10 04:25:55,0,0,,
ECA0ED1B-1764-58DC-2BFB-36FD75A98F3A,,0,Random C9:A5:DC:CD:AA:8D,,2001-02-10 04:25:58,0,0,,
047746C3-EEA1-2C5E-AF8F-84023FD80576,,0,Random EA:DE:28:D9:A7:80,,2001-02-10 04:26:21,0,0,,
32CADAF6-4E43-0047-9673-07F4BE8ECE60,,0,Random D5:9C:47:39:D5:D3,,2001-02-10 04:26:27,0,0,,
449FCC18-E341-161C-3C00-4EB5FD0DFDC6,,0,Random F6:F5:47:77:0B:A2,,2001-02-10 04:26:22,0,0,,
6E50654A-06C4-9E57-4FED-CFDD8FC087DF,,0,Random E0:E0:BD:7C:0B:A0,,2001-02-10 04:26:24,0,0,,
71592F73-88E2-5080-FE7E-234B130CB6C1,,0,Random E7:17:E2:B1:F7:57,,2001-02-10 04:26:18,0,0,,
73807EA5-508D-5DFF-7E64-6C5B3F6C659C,,0,Random D9:D9:B6:AD:48:54,,2001-02-10 04:26:23,0,0,,
7D3565AD-B7E2-D3AB-74DD-850126ADB113,,0,Random C7:76:56:D7:45:0F,,2001-02-10 04:26:48,0,0,,
7E0FE2FD-94A6-1C32-5F09-EC8EE6C1828C,,0,Random F5:AA:B9:19:F4:DB,,2001-02-10 04:26:19,0,0,,
84513700-EF3E-6527-FC3F-A519447C8510,,0,Random F0:40:21:C1:A6:70,,2001-02-10 04:26:20,0,0,,
971ED84A-DB3A-7A02-0FC3-F69920FEBB96,,0,Random CA:85:D6:B0:F3:D0,,2001-02-10 04:26:32,0,0,,
BBB81A60-DB4B-994C-A08C-0113A08A0F58,,0,Random C8:3A:82:5B:AA:96,,2001-02-10 04:26:43,0,0,,
DA4CCAA4-5CEB-A813-EC77-D42BF70CEC1D,,0,Random FF:FF:E7:EE:A0:0F,,2001-02-10 04:26:26,0,0,,
09602AF6-46AD-B52D-66A3-85AA03F9D69C,,0,Random EF:43:2A:ED:1B:D2,,2001-02-10 04:26:59,0,0,,
224143F7-7135-6E1A-5962-C50F19E08CA4,,0,Random D7:D8:A8:02:52:F4,,2001-02-10 04:26:51,0,0,,
2E23C6CE-D0AA-5BD2-886A-A1FCC5D09F23,,0,Random E5:4D:E6:67:D7:AD,,2001-02-10 04:26:57,0,0,,
731798A6-59D0-8628-69A0-68E5EFA846E8,,0,Random C8:F8:29:BB:94:CD,,2001-02-10 04:26:53,0,0,,
81241CA6-127F-2EA4-29AA-571195586247,,0,Random F4:13:CD:AC:4B:04,,2001-02-10 04:26:58,0,0,,
C1C897A8-B447-7F0D-0A75-496D33200E29,,0,Random D2:73:9C:A0:D1:B3,,2001-02-10 04:26:56,0,0,,
0D9F22EC-202A-1EB3-360D-AB34FBBC2206,,0,Random CD:A4:25:E9:D9:41,,2001-02-10 04:27:01,0,0,,
648C04A8-58D5-934F-0EDF-55354A4711BB,,0,Random C1:11:7F:54:CA:A9,,2001-02-10 04:27:00,0,0,,
4644A067-219C-C35B-FE09-0A8550EC8E43,,0,Random CB:85:BB:A4:62:FD,,2001-02-10 04:27:02,0,0,,
B49A6495-CCBD-B67D-0A2F-9804BCB6EBF6,,0,Random C0:CE:D7:01:02:8E,,2001-02-10 04:27:03,0,0,,
02983C74-D34B-858A-8C71-51264B605FF9,,0,Random FB:40:24:CA:69:48,,2001-02-10 04:27:07,0,0,,
1D6434F4-CA95-14D0-263F-5940D8A719BB,,0,Random C2:B3:AC:22:32:1E,,2001-02-10 04:27:05,0,0,,
26C6F5FE-A936-3A70-C0B6-ADAF0BC34F05,,0,Random E7:68:EC:63:84:BB,,2001-02-10 04:27:08,0,0,,
78188259-D323-BF49-223E-F3850A73D61E,,0,Random D4:15:43:4F:F5:56,,2001-02-10 04:27:06,0,0,,
9D65C7D7-CD06-C529-CF9E-907DBAFEB5BD,,0,Random F5:A6:79:D7:A2:14,,2001-02-10 04:27:04,0,0,,
01476745-1053-2CD7-D6CD-C7621B9FB57B,,0,Random C9:2D:6C:31:CA:80,,2001-02-10 04:27:09,0,0,,
49D9E864-1FC2-39D6-798D-80C3140E6929,,0,Random CB:8A:25:8C:2B:A9,,2001-02-10 04:27:10,0,0,,
55815E2A-08B8-6F50-B9AB-35FBD59C6F8B,,0,Random FC:38:65:0A:A7:82,,2001-02-10 04:27:17,0,0,,
5A717C55-7B29-9444-6808-DDC9FA486B22,,0,Random E5:B8:A5:D4:D1:9B,,2001-02-10 04:27:19,0,0,,
6111A934-D71B-74C8-0F20-06E56D511CEA,,0,Random FF:E1:62:A2:BB:6D,,2001-02-10 04:27:22,0,0,,
67B51BD9-67D9-831E-3DB6-6E77EC96B55A,,0,Random C2:2E:F9:23:1B:98,,2001-02-10 04:27:12,0,0,,
6C54FCD1-20DD-64A3-9FD4-06370D8AAA86,,0,Random CC:49:E7:6E:2B:EB,,2001-02-10 04:27:21,0,0,,
B90B9439-E497-803F-CE31-D5E20EF49E34,,0,Random F4:C5:8E:7A:63:25,,2001-02-10 04:27:15,0,0,,
BE404889-53EE-782E-DE1D-9BB84DBE08E2,,0,Random E7:8C:F5:20:A1:12,,2001-02-10 04:27:18,0,0,,
C1D1B4DE-CF4F-1530-1D59-364507B452F2,,0,Random DC:1D:09:58:A0:EF,,2001-02-10 04:27:11,0,0,,
D3EA8B0F-C744-30BE-1AAC-388746164AE1,,0,Random CD:09:E4:07:81:68,,2001-02-10 04:27:16,0,0,,
F63ACF61-7E48-07AC-2CD0-085F0F3BD798,,0,Random C0:57:0C:E2:C6:99,,2001-02-10 04:27:14,0,0,,
FA57082B-9B48-CA05-209D-D2E24A819645,,0,Random F4:38:55:E9:51:29,,2001-02-10 04:27:20,0,0,,
FA59898C-9A23-C4D7-A048-74C2E55ED823,,0,Random E7:4B:F9:EE:36:F8,,2001-02-10 04:27:24,0,0,,
09341D34-CFAE-1469-AFDE-F735682713D6,,0,Random E4:7E:56:1F:C9:94,,2001-02-10 04:27:32,0,0,,
0B5C5DD2-6A3F-C136-7290-4BE445112FB5,,0,Random C5:4E:30:50:3B:84,,2001-02-10 04:27:46,0,0,,
0D4E9DC7-894E-13EA-D626-F1452BF3A41F,,0,Random FD:9A:54:17:18:74,,2001-02-10 04:27:37,0,0,,
0F6342EA-757B-FE75-AEC8-7F0DA7A40C01,,0,Random C5:86:29:6B:03:48,,2001-02-10 04:27:34,0,0,,
13CA5B97-4EAF-C9B8-105F-5DC65B31A8F0,,0,Random FF:3E:F2:26:8E:CB,,2001-02-10 04:27:50,0,0,,
1634E7AA-6EF0-5B39-2337-490B71DD28C6,,0,Random F5:F2:61:1D:39:57,,2001-02-10 04:27:27,0,0,,
19A00C8E-C875-9286-8784-0104BC035289,,0,Random F9:C2:0A:35:8B:0B,,2001-02-10 04:27:42,0,0,,
1AE28635-CC5C-1300-32FE-79C5BE94AC56,,0,Random F2:9C:FF:56:7F:1B,,2001-02-10 04:27:48,0,0,,
42392A1D-EC9A-A966-81B5-6F718D9434E4,,0,Random FE:AA:44:BF:CB:2A,,2001-02-10 04:27:44,0,0,,
4731DFC9-D07E-7B42-066F-6F7BE259AA87,,0,Random DB:BD:39:4A:6F:91,,2001-02-10 04:27:36,0,0,,
4882350F-5341-1FBF-B89E-48DF6F97540A,,0,Random FB:C7:01:15:7F:81,,2001-02-10 04:27:25,0,0,,
4AE182A3-B684-F5DA-49E2-ACA842398878,,0,Random ED:07:42:48:C4:B7,,2001-02-10 04:27:47,0,0,,
56E9B241-AF64-669A-9536-1755E077FE68,,0,Random DE:35:C6:9A:AE:0D,,2001-02-10 04:27:52,0,0,,
61134CF6-355F-2708-E28C-544C3937F2B5,,0,Random DA:8B:AE:A3:94:6A,,2001-02-10 04:27:33,0,0,,
62CB1C11-205F-8AF7-6C8B-39C16F0453CB,,0,Random DB:E3:68:56:9E:24,,2001-02-10 04:27:31,0,0,,
633440E7-BE8A-2253-D52F-6B1D1C57921D,,0,Random DB:42:13:F5:1E:BB,,2001-02-10 04:27:55,0,0,,
67BD3199-5FC4-AD39-33C2-0C0A6EA99D65,,0,Random F2:7D:8D:61:E1:3C,,2001-02-10 04:27:38,0,0,,
67BEDC2E-8146-992B-C4F6-04F053AF945E,,0,Random E8:03:52:C6:4C:A9,,2001-02-10 04:27:53,0,0,,
9503CE1E-D999-5933-93E2-E46D29BB9A6A,,0,Random C5:44:D9:9F:9F:76,,2001-02-10 04:27:28,0,0,,
9AE3D0BB-CC03-9DE6-1EED-69E66ADB3CD4,,0,Random F2:4C:C1:A0:26:B0,,2001-02-10 04:27:51,0,0,,
9C5B0273-378A-7015-ABAD-80D97B9CA1DB,,0,Random FB:38:A4:8D:91:10,,2001-02-10 04:27:40,0,0,,
A59A73AA-28FA-8D10-BECA-30690725DD52,,0,Random F5:2A:77:A5:49:CE,,2001-02-10 04:27:35,0,0,,
BAB9D91A-182D-7A69-59B4-6CB5D4BD49C8,,0,Random C2:76:B3:FF:91:B0,,2001-02-10 04:27:49,0,0,,
BAC8D894-FD6E-4134-DBDE-9EB7CB77C1A6,,0,Random EE:AF:FC:D4:80:1C,,2001-02-10 04:27:30,0,0,,
D06611AE-88A6-7E8C-2CDB-214668E4999F,,0,Random F1:0E:4D:60:BB:9D,,2001-02-10 04:27:43,0,0,,
D2A0BFA2-D823-934B-689A-EF23A44F24F3,,0,Random FC:6E:E7:B4:B6:93,,2001-02-10 04:27:45,0,0,,
F8F7BB5E-6CA6-B5F2-05EA-6D67EA56BDCD,,0,Random DD:36:5F:A3:B7:18,,2001-02-10 04:27:26,0,0,,
FD04F69B-819C-5677-F3ED-3048E2BE32B4,,0,Random E2:75:73:51:5B:4B,,2001-02-10 04:27:41,0,0,,
883FFB6D-9E37-6999-627D-96DE685CEDDB,,0,Random D3:C5:67:C3:F4:15,,2001-02-10 04:27:59,0,0,,
957E5669-6562-E381-3429-773C68AA9518,,0,Random DE:D7:0C:BA:E4:89,,2001-02-10 04:28:02,0,0,,
D1A9DE34-1BAF-72EE-F548-726A7E011923,,0,Random DD:9D:5A:75:FC:B1,,2001-02-10 04:28:00,0,0,,
FFC77829-F102-C366-4568-37E191D391A2,,0,Random F1:FF:F8:2A:F3:E7,,2001-02-10 04:28:01,0,0,,
07AC8219-0563-1B91-E8B7-F19BD0D40809,,0,Random DC:EF:FA:C2:D2:41,,2001-02-10 04:28:27,0,0,,
5A66810C-0D5C-E2BD-4118-9A0589649DB8,,0,Random DD:D4:AF:C2:86:26,,2001-02-10 04:28:04,0,0,,
6A411981-5938-34A1-B908-A206D37F9B4E,,0,Random D9:D8:2A:9A:25:6D,,2001-02-10 04:28:10,0,0,,
84B966BC-74C6-EE16-E261-30709EC7993D,,0,Random E6:6A:F7:4F:ED:70,,2001-02-10 04:28:11,0,0,,
8A7C163B-195E-6D1D-BB44-7BA395909343,,0,Random F0:68:B3:41:2A:11,,2001-02-10 04:28:17,0,0,,
9CC2C4A4-E000-4554-85EA-A353835C899C,,0,Random D4:39:EF:E8:DA:1F,,2001-02-10 04:28:05,0,0,,
D22A5441-D4A2-E4E7-7EF9-8345DB84135D,,0,Random C0:BD:D6:67:E1:EC,,2001-02-10 04:28:20,0,0,,
DC9AF429-A9AA-375D-99CC-B8158A2EC468,,0,Random E7:F1:8B:68:BF:74,,2001-02-10 04:28:06,0,0,,
E2B6B174-1387-9E6B-93F9-F86C4C13BBC6,,0,Random E2:E7:2C:CA:BB:28,,2001-02-10 04:28:33,0,0,,
05CF80B9-F139-56AF-AAE9-6B1A45137A92,,0,Random DF:46:1C:FF:D3:CA,,2001-02-10 04:28:38,0,0,,
0EAE4D4D-C2A7-7DF6-38A2-0D8E6CF8BAB8,,0,Random DA:95:54:15:57:C6,,2001-02-10 04:28:51,0,0,,
171CEBE0-C1B0-69A8-133F-930157E29FD3,,0,Random C9:A9:89:B8:53:DD,,2001-02-10 04:28:36,0,0,,
42975466-DBC4-61FD-0F7A-63101E2F77D7,,0,Random C7:81:5C:3A:37:96,,2001-02-10 04:28:47,0,0,,
432E28A2-8827-AA81-327D-298CD8999EF0,,0,Random EA:57:0C:17:7A:32,,2001-02-10 04:28:43,0,0,,
5F1F4803-3568-A87D-D17D-7A6688378321,,0,Random C8:A6:AA:DC:FA:E9,,2001-02-10 04:28:50,0,0,,
5F281AC6-9C1F-64F0-A884-74265DA322FF,,0,Random E5:50:D4:89:03:2A,,2001-02-10 04:28:41,0,0,,
622C5907-CABE-E1B8-8E11-6870A97AB9CB,,0,Random FA:8C:35:37:BC:EF,,2001-02-10 04:28:40,0,0,,
787D9E16-13D9-C3B7-0A18-7AEC635EBADC,,0,Random E1:FC:B4:DF:55:7F,,2001-02-10 04:28:46,0,0,,
82DD782F-0DFA-7B79-93BD-431A39D59E11,,0,Random CC:62:83:BF:F0:3D,,2001-02-10 04:28:34,0,0,,
967C9EA6-4EAF-0477-D253-F0F57E07BEC6,,0,Random D4:04:63:40:A7:44,,2001-02-10 04:28:49,0,0,,
B2024CC5-03A7-FB87-C865-5BFB7C3A95F4,,0,Random DE:52:87:63:F9:41,,2001-02-10 04:28:35,0,0,,
FEDE93B7-860D-7261-5FBA-82983FC8AE46,,0,Random DD:C7:3D:EE:ED:6C,,2001-02-10 04:28:39,0,0,,
27A58ED1-8EEB-BCE7-F919-315126C9891A,,0,Random E6:72:80:E8:DF:7A,,2001-02-10 04:29:13,0,0,,
28D696E2-21B4-CF7D-2E06-82EBC679225E,,0,Random DD:36:EB:C5:CA:8B,,2001-02-10 04:28:54,0,0,,
2A3E8BF4-88C3-6FF8-BD5E-C0A0F6ED15CD,,0,Random F9:EC:B4:7D:AD:E8,,2001-02-10 04:29:25,0,0,,
2D3DC56B-83B4-5C2C-1EDD-4A3D2276A886,,0,Random F2:99:46:05:57:5A,,2001-02-10 04:29:10,0,0,,
3017A3EF-A91B-982B-5E61-517CB1E4CE71,,0,Random FC:1A:B6:02:27:6D,,2001-02-10 04:29:26,0,0,,
33F56D69-A196-9446-1802-28082EDC587C,,0,Random C4:B1:61:D0:79:11,,2001-02-10 04:29:50,0,0,,
375FBBE8-C119-036C-56B1-0BC80734EE08,,0,Random FD:A3:3F:66:8D:BC,,2001-02-10 04:30:34,0,0,,
3F99A4EA-49EA-970B-DA1C-F9E95987BBC2,,0,Random DA:61:96:01:AC:CF,,2001-02-10 04:29:29,0,0,,
427FC4BB-F739-AF00-8193-9BC73DED7029,,0,Random CB:03:35:82:C6:B2,,2001-02-10 04:29:06,0,0,,
4628AD9E-B3DD-FB42-49C7-EC4B8F600A39,,0,Random DD:EE:F3:36:0C:80,,2001-02-10 04:29:19,0,0,,
470AD8E6-0E34-CCFC-1A42-262849BCFD2C,,0,Random FA:22:40:27:A8:50,,2001-02-10 04:29:54,0,0,,
47F4B53B-FD0B-63E8-A3FE-A9B4C37E6E98,,0,Random EC:9A:05:19:7E:7D,,2001-02-10 04:35:59,0,0,,
4C9649F7-17D3-E584-2FD8-05D79D71F08B,,0,Random D8:31:37:99:AB:32,,2001-02-10 04:35:29,0,0,,
50BDFB0F-A4A7-E0A4-A579-EAEDD24A202E,,0,Random C3:9A:93:58:43:5F,,2001-02-10 04:29:34,0,0,,
555CDB7D-7CD8-3540-1A96-185910305F19,,0,Random F0:00:CD:E2:C7:89,,2001-02-10 04:29:59,0,0,,
60A38A88-B8DA-2BA3-6417-76C75F4A135A,,0,Random D5:B0:C0:AA:08:9D,,2001-02-10 04:29:24,0,0,,
69047D84-D772-E48F-1E9A-C7DE6198132B,,0,Random C2:A1:1E:18:07:1F,,2001-02-10 04:32:47,0,0,,
6AF7A590-6367-914B-CAA9-01C716341295,,0,Random CD:2F:02:8C:5D:4C,,2001-02-10 04:29:57,0,0,,
74F54E0B-4DC6-10FF-C909-EDA5AAC679B0,,0,Random E8:31:67:E6:0E:5D,,2001-02-10 04:29:12,0,0,,
74F8D6DA-C991-1D37-7072-B6284F8CFECE,,0,Random DD:0E:D6:A8:82:79,,2001-02-10 04:28:57,0,0,,
7B7BAC44-E867-F202-EAF1-7014036E2A33,,0,Random DA:C9:10:85:48:EA,,2001-02-10 04:30:36,0,0,,
8CBE2BC7-80D2-4C86-8EBE-0805F2FC9276,,0,Random CD:DB:1F:83:2A:EB,,2001-02-10 04:29:09,0,0,,
8EFF1D32-7E1E-E5C9-9418-A4A5CD6E5084,,0,Random E5:D1:74:9B:CE:4A,,2001-02-10 04:29:58,0,0,,
94A6FBA9-177E-8455-B3D3-54FFB0B6FEE7,,0,Random D3:60:EF:50:2B:57,,2001-02-10 04:29:01,0,0,,
9916C695-7194-2570-73D4-86F742132C56,,0,Random C4:13:07:5F:4D:6D,,2001-02-10 04:34:45,0,0,,
9DF7DB0B-DA9E-DDBA-05E7-4F586CF9A9FE,,0,Random E5:1E:A1:58:8F:FF,,2001-02-10 04:28:59,0,0,,
9FFB88E1-D571-4BFC-9A91-C38DCCFA060B,,0,Random E0:43:80:08:F8:EF,,2001-02-10 04:32:52,0,0,,
A5C326BA-13CF-D857-1F4E-89C8E6DFC1C9,,0,Random C3:78:18:63:06:75,,2001-02-10 04:28:56,0,0,,
A7800AD5-8B0C-BCD2-BDB7-46B16B37BF03,,0,Random E2:05:E1:47:75:18,,2001-02-10 04:28:55,0,0,,
AC8841ED-09A2-446B-C85A-3CD5C40532F0,,0,Random C2:36:A4:BF:4E:AC,,2001-02-10 04:33:05,0,0,,
ACFC9EC1-2C48-46F9-CDA2-94DD5848F1E4,,0,Random FE:26:2E:F2:29:54,,2001-02-10 04:29:48,0,0,,
ADCB2EC6-88FF-982D-E248-67DC45857312,,0,Random FE:AC:31:EF:01:17,,2001-02-10 04:29:07,0,0,,
B15CFA1F-D62D-6833-7F27-E1F09FA7ED4C,,0,Random D7:F8:AC:20:90:5E,,2001-02-10 04:29:08,0,0,,
B8A81C79-8269-3577-E486-1E68020063AE,,0,Random D7:D7:80:3A:22:00,,2001-02-10 04:29:20,0,0,,
BE6466EC-40D3-DA0F-1D9C-9E7DAA20A560,,0,Random C0:38:FF:16:B9:5F,,2001-02-10 04:29:49,0,0,,
BFA59D1C-1A1B-5111-A415-69CE0BBDCA5F,,0,Random DC:C6:10:2E:C7:5E,,2001-02-10 04:32:19,0,0,,
C5034CE7-6715-E8A9-1097-526B186AA358,,0,Random DA:92:4F:23:0C:7A,,2001-02-10 04:29:56,0,0,,
CD6CAA2C-5DC1-DF5B-5EB1-EB2942397B27,,0,Random D3:87:5A:4E:0F:75,,2001-02-10 04:32:13,0,0,,
D85E5E7C-8789-F13B-10B5-6B3725BF434F,,0,Random CC:10:50:C5:09:A3,,2001-02-10 04:29:27,0,0,,
E4CCF158-6858-3966-42AE-E0546493A04E,,0,Random FA:97:04:B9:33:87,,2001-02-10 04:29:15,0,0,,
E6310FF8-91AC-0AD8-1D55-781FCCA2E5A4,,0,Random DD:3D:DF:C2:5B:30,,2001-02-10 04:29:05,0,0,,
ED15FF99-24E1-6AF6-7B91-5D72A31C383E,,0,Random EA:11:84:66:22:5A,,2001-02-10 04:29:52,0,0,,
F079D8DE-3DCD-4D49-81FD-817E9909ED3A,,0,Random D2:93:60:ED:BD:11,,2001-02-10 04:29:53,0,0,,
F5750A9E-B6E3-5A3B-765D-E3F9CB7999B3,,0,Random D9:D7:C7:81:BF:7E,,2001-02-10 04:29:00,0,0,,
F6A450C1-A4AC-DFCD-9E7D-C87032ABB990,,0,Random C8:F9:AF:E8:1B:B2,,2001-02-10 04:30:20,0,0,,
143FD452-0287-F531-00B5-7BA01587E5E6,,0,Random FF:6B:DD:C9:A4:13,,2001-02-10 04:36:52,0,0,,
BFA6E21D-B673-9381-C806-73221343EEA7,,0,Random D4:40:28:CC:2D:00,,2001-02-10 04:37:14,0,0,,
0A842C0C-3441-7EDB-F7B0-FD9A16AC25AC,,0,Random E2:77:6C:E8:87:07,,2001-02-10 04:38:43,0,0,,
18CFF5A0-4977-BFA6-C446-42198AE9D4C8,,0,Random C6:5E:C4:63:00:25,,2001-02-10 04:38:30,0,0,,
4C0586ED-6776-6724-B6B5-AA3D8637FF50,,0,Random C1:68:31:8A:59:82,,2001-02-10 04:38:16,0,0,,
50318C20-FC91-95EE-B3EF-03275783D97C,,0,Random EC:90:F3:B5:12:E3,,2001-02-10 04:38:49,0,0,,
5F37D9E2-DB9E-4769-FE9A-9DEF35ECA465,,0,Random CE:DF:F9:4A:F1:AB,,2001-02-10 04:37:35,0,0,,
833B1B80-C7AE-DCB6-70BC-BF01E9FFF484,,0,Random D0:13:BD:96:A5:80,,2001-02-10 04:38:50,0,0,,
8844B2CD-E29D-189F-EEDE-EFF4551F3A43,,0,Random C3:BA:1C:68:A3:CC,,2001-02-10 04:37:57,0,0,,
88B98D7F-DF06-B62D-6017-2C9E32CBD5E6,,0,Random D7:E9:68:66:AA:10,,2001-02-10 04:38:38,0,0,,
8D8350A0-8019-57DF-13E4-8A62E231F2CE,,0,Random F5:07:EA:8C:6A:C5,,2001-02-10 04:37:51,0,0,,
A4F22764-87E0-C2AE-8440-97B8BE6B19B1,,0,Random F7:38:31:D2:49:C0,,2001-02-10 04:38:17,0,0,,
D60425A9-F1EE-2847-8243-CAD848CDE552,,0,Random C5:B7:A7:51:E0:67,,2001-02-10 04:38:18,0,0,,
ED4BACD0-1DA6-DB77-EA16-8B298CBCE84F,,0,Random CA:6E:6D:A9:7F:ED,,2001-02-10 04:38:37,0,0,,
F4806560-E5BA-4005-27ED-F0BF14F3F8E4,,0,Random D3:6E:E2:B8:57:F4,,2001-02-10 04:38:47,0,0,,
F98BAD0C-A839-035B-4B58-0DC59CA15BEA,,0,Random E1:55:DF:32:06:36,,2001-02-10 04:38:39,0,0,,
807848B1-CB67-E735-C87B-378B73C3F919,,0,Random EC:B2:C7:30:5C:63,,2001-02-10 04:38:55,0,0,,
0724730E-46F7-A960-E27E-96148A6F21C5,,0,Random D2:CB:FA:D7:E4:88,,2001-02-10 04:39:08,0,0,,
0BF956D6-FD33-7920-6448-4D7ED6643FDE,,0,Random F1:F5:E6:F1:3C:19,,2001-02-10 04:39:04,0,0,,
18C83D09-1845-8657-7020-D0B54ECC460B,,0,Random D7:83:48:96:6A:AA,,2001-02-10 04:39:34,0,0,,
C8A241E6-F552-AB62-600F-ABD291F71742,,0,Random FF:76:BD:55:19:3C,,2001-02-10 04:39:21,0,0,,
E95262F0-40F5-F7CF-701C-89C76F79812B,,0,Random DF:04:07:AF:AF:CB,,2001-02-10 04:39:18,0,0,,
FDCBBA00-CAA1-A793-A7A8-E56ADF8F7EB9,,0,Random E0:1D:6D:BA:D6:95,,2001-02-10 04:39:03,0,0,,
78E1AD54-6943-EDC0-33D5-5F175E6793A6,,0,Random E6:77:01:10:AC:B7,,2001-02-10 04:39:36,0,0,,
5242DC38-07BD-94A7-0847-F916ED0F102C,,0,Random D6:52:66:62:DD:E3,,2001-02-10 04:39:38,0,0,,
C8B1B67A-D411-B9B5-43CB-53868F31988E,,0,Random C4:14:88:0C:96:94,,2001-02-10 04:40:10,0,0,,
1265C7F1-7A0F-533C-04BF-CCCB38A359A5,,0,Random C1:D0:4B:58:42:7F,,2001-02-10 04:40:54,0,0,,
3FF55828-5DDA-0DEB-1691-91B07B35054B,,0,Random DF:C1:54:C2:5D:48,,2001-02-10 04:41:22,0,0,,
507A2B20-1C6B-ECF3-9539-4BFAD174FA60,,0,Random DA:33:A7:1E:37:FE,,2001-02-10 04:40:27,0,0,,
9BD86E13-E7B2-B3BF-2CC0-F3FB07214A45,,0,Random EB:6C:92:A1:8A:9F,,2001-02-10 04:41:26,0,0,,
2038FC33-E78B-5883-5A2A-6E870C97B894,,0,Random E9:C4:1C:76:1C:80,,2001-02-10 04:41:56,0,0,,
601D16E2-5717-89F5-361E-8970BB3C8174,,0,Random F4:40:82:6A:80:95,,2001-02-10 04:41:59,0,0,,
65D88E24-AE25-3ADB-23D0-FA93450B07A1,,0,Random EA:43:66:B6:56:FA,,2001-02-10 04:42:34,0,0,,
B8A605D4-F72B-83AF-1349-1692D294AD21,,0,Random F1:1C:10:A7:26:53,,2001-02-10 04:42:31,0,0,,
F0E7C23F-1C6A-4C42-FE7E-45A56CDC572D,,0,Random C4:ED:B5:84:23:6F,,2001-02-10 04:41:31,0,0,,
F890AB55-A7F8-4B89-8F90-5A1989D995DA,,0,Random D0:89:E0:86:A1:6E,,2001-02-10 04:41:29,0,0,,
8DA8878A-1847-E338-E326-FA6BDFC9DBBE,,0,Random CB:40:03:24:90:67,,2001-02-10 04:42:45,0,0,,
6A4FDC1D-3ED2-1980-5232-5BB1ABB105B2,,0,Random FF:9F:11:0D:ED:F2,,2001-02-10 04:42:51,0,0,,
AEB1E76F-373A-BD05-97DF-EF2EC7DE51D6,,0,Random E3:36:96:B5:B2:97,,2001-02-10 04:43:08,0,0,,
C69C7E7C-895A-59AE-E9ED-230B97E77DF4,,0,Random DB:70:6E:C4:18:00,,2001-02-10 04:43:10,0,0,,
4661BC8B-79B2-9344-9D8D-F4505A5252E2,,0,Random D5:92:F7:37:83:C6,,2001-02-10 04:45:09,0,0,,
5B634522-25AC-13BE-1597-01F4BD2F2525,,0,Random EA:CD:BD:0B:F7:44,,2001-02-10 04:43:51,0,0,,
ECA19846-ED5E-0722-B6A6-2A04ED81EF6A,,0,Random C6:A1:1D:27:A9:2C,,2001-02-10 04:44:09,0,0,,
8CB8A7D1-B3D4-2A49-E317-ED699EAB723A,,0,Random C9:3A:D3:45:EA:9A,,2001-02-10 04:45:17,0,0,,
A3B65500-0D4F-B390-6042-B35E418E7A89,,0,Random D3:44:5F:AD:C4:98,,2001-02-10 04:45:12,0,0,,
CBDDA246-3448-7A45-1E10-69D96EC80F61,,0,Random FC:FA:61:1C:0E:A1,,2001-02-10 04:45:34,0,0,,
CA8D2FA6-0DA6-19CF-88D3-DD50540E3505,,0,Random CA:78:7B:EE:9F:2E,,2001-02-10 04:45:43,0,0,,
41274575-A425-3731-88AA-FBAEF71F078F,,0,Random FC:2D:0F:7E:EB:0C,,2001-02-10 04:46:26,0,0,,
541FFF2A-D7D0-E914-2BAC-3E70357E25D6,,0,Random C8:75:0C:42:AC:C1,,2001-02-10 04:45:48,0,0,,
E8A71B43-309F-5A8C-1916-3B6BD415C95D,,0,Random CA:BB:7A:92:F0:C3,,2001-02-10 04:46:35,0,0,,
6C3B6AF8-1367-81FB-45A2-ECC0DA7C28E7,,0,Random F3:B1:40:45:C5:91,,2001-02-10 04:47:08,0,0,,
9EE6364C-4B9E-088E-6C86-03D68E83D0C9,,0,Random D1:2B:93:99:79:90,,2001-02-10 04:47:01,0,0,,
44930180-9CD8-8224-7B83-20280B5C3833,,0,Random DF:0D:47:20:57:69,,2001-02-10 04:47:11,0,0,,
12411B0A-641B-4CCE-83DC-6969130FB84F,,0,Random D6:AC:83:0D:76:D9,,2001-02-10 04:48:30,0,0,,
13E07BBE-7C20-0164-DDCB-A2F040C7AB48,,0,Random E3:91:D0:E1:89:5F,,2001-02-10 04:48:16,0,0,,
1DA3F8C1-B4C2-3EB3-5F4B-98A17318701F,,0,Random FE:E9:17:28:41:B8,,2001-02-10 04:48:41,0,0,,
28F28259-9A62-81CA-F303-A53E13BD4FFE,,0,Random E1:8E:F6:5D:F8:DF,,2001-02-10 04:47:59,0,0,,
32CA4FC4-417D-AD4F-EF51-9705546D65FA,,0,Random DF:F1:18:FF:71:A2,,2001-02-10 04:47:22,0,0,,
4FF0B592-47A8-E904-2CDC-194F74885C38,,0,Random D7:63:98:A9:CC:61,,2001-02-10 04:48:40,0,0,,
7A02BF80-7EB2-2E7A-95A2-76CD5C2D56AD,,0,Random FF:70:DD:D0:7D:81,,2001-02-10 04:48:07,0,0,,
A4B0F446-FC90-AA7B-0791-5D07B85E953F,,0,Random E8:6B:54:53:EE:78,,2001-02-10 04:47:55,0,0,,
E30AC858-D2EB-9A3B-8119-15161D1F8B3D,,0,Random FF:A2:AB:29:4E:45,,2001-02-10 04:48:39,0,0,,
00F2F343-96F5-2D63-B100-FE59FAE29A74,,0,Random D8:67:3F:50:83:2C,,2001-02-10 04:49:44,0,0,,
039D9E4D-900E-41C6-3F2E-A46481287BA6,,0,Random E0:76:60:50:9F:2E,,2001-02-10 04:49:33,0,0,,
20DEABE1-9856-5B39-D6A3-4CED638DBCF6,,0,Random FA:90:8E:64:7B:49,,2001-02-10 04:49:56,0,0,,
26C97358-9256-A686-EA84-9229948E1104,,0,Random CD:BD:6E:54:C0:97,,2001-02-10 04:49:55,0,0,,
28100B34-D5A2-FAA1-972F-2EAD59A80FD7,,0,Random EA:E5:EB:48:AF:E3,,2001-02-10 04:49:12,0,0,,
3890053A-D0FF-527F-416A-5D84646B8AAA,,0,Random CD:81:E8:99:AD:A7,,2001-02-10 04:50:02,0,0,,
4710D069-9207-2317-8C59-412E8D7EDABD,,0,Random E5:19:C9:A2:0E:06,,2001-02-10 04:50:12,0,0,,
4F0269F9-EB20-660C-7E97-9C3A93C18F6F,,0,Random CE:29:95:7D:DE:53,,2001-02-10 04:49:20,0,0,,
4F4AFAF3-3E8D-B628-C355-0BF4DD5125FB,,0,Random F4:5E:AD:32:FD:B9,,2001-02-10 04:50:38,0,0,,
559D0601-295F-AB31-21E4-5E7BF259BE1C,,0,Random DB:B8:74:D5:61:27,,2001-02-10 04:49:49,0,0,,
577F4BC1-DC17-0E57-1139-DCA642B752D2,,0,Random DB:B1:89:9A:DE:31,,2001-02-10 04:48:43,0,0,,
60410004-395E-DBAD-E21A-5814729D98E3,,0,Random C8:B2:7B:22:8F:E4,,2001-02-10 04:48:48,0,0,,
7F85480F-06A4-302B-1F70-0762885E9549,,0,Random D0:7D:93:3C:CE:17,,2001-02-10 04:49:46,0,0,,
8BFCB02B-A397-66A2-DC9C-1C6A3CB6E38D,,0,Random F1:89:CF:89:05:B6,,2001-02-10 04:50:35,0,0,,
8D994D41-1157-957F-651C-A8DD4AFA32C7,,0,Random C2:49:D9:13:7C:C0,,2001-02-10 04:50:09,0,0,,
981FE4C5-7C7F-A0F5-DDEE-F3EE2AAB12DF,,0,Random D7:FC:14:49:18:88,,2001-02-10 04:49:15,0,0,,
9DB851D3-3655-031E-10CC-689E7B5B70E0,,0,Random E5:4C:76:C9:C6:BC,,2001-02-10 04:49:53,0,0,,
B1349ADC-9DA7-7463-69C2-5985DECBCB6B,,0,Random DE:7E:0E:B2:9A:B8,,2001-02-10 04:50:34,0,0,,
CCA48FA5-5310-C50A-DE59-EF467B1C044D,,0,Random FB:08:3D:E6:09:E3,,2001-02-10 04:50:15,0,0,,
CD667770-DBDB-BDAC-AEA4-32C31373D9A3,,0,Random D5:AB:1A:D7:7D:AE,,2001-02-10 04:50:11,0,0,,
CFDC8858-6E28-1062-CD25-C6C628BC494E,,0,Random D4:1C:C3:5E:2C:08,,2001-02-10 04:50:10,0,0,,
D079AFF1-0B11-C7CF-94B9-C6E2E6187591,,0,Random EA:98:95:8A:51:63,,2001-02-10 04:49:03,0,0,,
D3DDF549-BAFC-E97D-B617-CE1B8EB5959F,,0,Random E0:37:CD:33:5D:76,,2001-02-10 04:49:58,0,0,,
DFDC6287-9779-A470-EF69-182BCB31AA11,,0,Random C7:FD:4E:5B:1F:BA,,2001-02-10 04:50:04,0,0,,
E2A08FDF-F5CF-CDFF-BDE3-37591A4A66DC,,0,Random FA:DE:83:57:D2:10,,2001-02-10 04:50:20,0,0,,
E57186C2-FD83-221A-B1C9-A3C54B9009F0,,0,Random D4:27:04:2A:24:B5,,2001-02-10 04:50:36,0,0,,
EF2ACC70-5C65-AC72-1B29-34BA65EBF9EC,,0,Random CD:68:D6:1D:99:6F,,2001-02-10 04:49:43,0,0,,
F76639A8-8287-AEE6-CFD8-0ED8BED6EEC8,,0,Random FC:E0:5D:03:78:FE,,2001-02-10 04:49:29,0,0,,
35021A2F-4611-14F5-72D5-599DC8A09D8A,,0,Random E6:94:15:A7:63:1E,,2001-02-10 04:50:52,0,0,,
3521EF46-A682-97A1-A9E3-4F86E26C5E50,,0,Random F8:F4:61:3B:92:95,,2001-02-10 04:50:45,0,0,,
3C596EEA-C4D2-FB3F-0B6F-C3BF30E31D79,,0,Random EF:EC:CB:73:02:6B,,2001-02-10 04:50:53,0,0,,
5AC3ABC7-4C34-C2DB-B81C-AFE0CEFDBD90,,0,Random FB:EB:91:CE:76:DE,,2001-02-10 04:50:54,0,0,,
C5DE2CF3-AAF9-4129-35E0-423F5E749D95,,0,Random FF:16:7A:76:FE:7D,,2001-02-10 04:50:57,0,0,,
421E8C91-0FA1-565F-5F1A-C2C6E1C0628F,,0,Random D4:BF:D7:43:1A:9E,,2001-02-10 04:51:04,0,0,,
51652DD3-B0FC-B790-C73C-09EB403621C9,,0,Random D3:A2:11:58:92:9E,,2001-02-10 04:51:02,0,0,,
5195D6FF-4CA6-2037-C358-B8570E833299,,0,Random C4:F6:CA:F2:AF:FF,,2001-02-10 04:51:08,0,0,,
5730587B-2BE2-8A67-CDC3-DDB5308007B6,,0,Random C9:A2:90:C7:E1:63,,2001-02-10 04:50:59,0,0,,
8D745DC4-72C6-1AE0-B8C5-538C48126B59,,0,Random F1:60:94:C9:AA:5A,,2001-02-10 04:51:01,0,0,,
DFEE63A2-ED00-1633-DB9D-6486185759F9,,0,Random E3:95:FB:C7:D4:E9,,2001-02-10 04:51:06,0,0,,
726D091D-4E72-328C-391F-22DDEB68F645,,0,Random EA:44:5B:AC:97:77,,2001-02-10 04:51:14,0,0,,
AD764C47-46A5-B889-7784-0B10708ECBF7,,0,Random C6:0C:35:65:49:71,,2001-02-10 04:51:12,0,0,,
B22E2A3C-4C45-AAAE-C83C-27A84A87ED34,,0,Random F2:B5:34:0C:F8:E4,,2001-02-10 04:51:10,0,0,,
C02A66EE-0F31-B1C7-AE17-BB695314DBF2,,0,Random EE:27:3C:BD:08:7A,,2001-02-10 04:51:13,0,0,,
52C15812-69C4-4B31-9B28-0F5862193A47,,0,Random E0:0F:30:11:E8:C9,,2001-02-10 04:51:15,0,0,,
02C9514D-72C3-3698-D9A0-C21B493F1FC6,,0,Random F3:59:58:BB:FD:E3,,2001-02-10 04:58:01,0,0,,
0312C30A-37F2-0784-E06C-21955DFE4C36,,0,Random E5:5A:10:0D:42:24,,2001-02-10 05:06:45,0,0,,
0414BE41-8C39-AA66-147C-348D0F6F9C07,,0,Random FE:89:50:99:D9:83,,2001-02-10 05:11:23,0,0,,
0724A28E-FA7F-BFD1-1B63-5E18D3C10F86,,0,Random F6:D9:5E:EC:BC:40,,2001-02-10 05:11:29,0,0,,
078409BC-120D-7A21-8B30-99A085FC6225,,0,Random CF:B6:4E:6C:5E:C7,,2001-02-10 04:52:27,0,0,,
09015E7F-E988-A203-E014-131364F64EAD,,0,Random C9:45:60:49:2A:7E,,2001-02-10 05:05:22,0,0,,
124367B2-22D0-ADC3-688E-6D578754E63D,,0,Random C3:52:B2:AA:FA:5D,,2001-02-10 05:11:21,0,0,,
167BA9C3-D67F-1617-889E-4410852B63D5,,0,Random DD:69:A5:13:85:AA,,2001-02-10 04:56:29,0,0,,
16C06681-5DAA-AD88-0AFC-DB74B2D82804,,0,Random D1:32:CB:86:BC:9F,,2001-02-10 05:12:59,0,0,,
171A7FC7-AAC6-2914-1E04-09731D035E13,,0,Random D2:A6:36:D0:B1:81,,2001-02-10 05:01:18,0,0,,
17773B18-8439-B677-CD41-C0A88AEDA6F3,,0,Random E7:50:74:B2:19:7C,,2001-02-10 05:07:57,0,0,,
187F9D15-A41F-23C7-22B4-938A8C7667C5,,0,Random F9:A3:51:9A:5B:D7,,2001-02-10 05:13:14,0,0,,
1D40AF22-6CBB-932B-A299-06661F35BAC5,,0,Random D5:32:15:FB:EB:A8,,2001-02-10 04:52:39,0,0,,
1DCBF99F-2115-D204-E4BF-661B32A79627,,0,Random F6:CA:A3:67:1D:A5,,2001-02-10 05:02:04,0,0,,
1F79E267-41D1-7EF3-5713-0B421E9B5EC3,,0,Random C1:C4:6B:AA:2F:95,,2001-02-10 04:58:25,0,0,,
20D4B760-040C-A0F9-4DF8-1E40253D0E31,,0,Random FD:A9:32:BA:60:8A,,2001-02-10 04:53:36,0,0,,
22755856-2BAC-6551-88F0-E5F782F593BD,,0,Random F6:31:D4:E3:BE:7B,,2001-02-10 04:52:55,0,0,,
23F7C3F2-8945-2B5E-C049-EE3521191592,,0,Random DC:21:CF:2F:30:45,,2001-02-10 05:06:42,0,0,,
2B204367-5997-CAD9-C004-448F4F635B12,,0,Random D1:F2:A8:9F:54:25,,2001-02-10 05:07:16,0,0,,
2EF5E83C-EC47-19F7-8758-BA20CFD12277,,0,Random CF:29:4E:7B:C0:43,,2001-02-10 05:08:34,0,0,,
2F604A9E-310E-91F6-34CB-0B9B0B7DAAD7,,0,Random C0:86:E9:62:5D:5E,,2001-02-10 05:06:28,0,0,,
35C61282-8F25-E90C-B9B2-D6C41A489442,,0,Random D6:6D:4D:55:EA:7A,,2001-02-10 05:04:16,0,0,,
37547BA0-DB99-2D72-A6E1-C1C7F889C6EB,,0,Random E2:17:7F:8F:BD:0A,,2001-02-10 05:07:44,0,0,,
3A7CE719-9F8B-0925-746B-9E223D4395C4,,0,Random FD:29:08:A1:8C:97,,2001-02-10 04:58:03,0,0,,
3C454F74-4194-75D6-0E62-29EA592734A7,,0,Random F9:5E:0D:C4:39:EA,,2001-02-10 04:55:33,0,0,,
3CC1BDCD-4921-0F3B-BEF4-FC4851A39483,,0,Random D6:05:C4:DD:B9:95,,2001-02-10 04:54:35,0,0,,
3E46B703-B963-080A-9DBB-E75A007DBBC4,,0,Random DE:7A:45:43:E5:43,,2001-02-10 05:01:16,0,0,,
407826C4-C33D-E7C1-8BD1-9B266326AFCF,,0,Random D0:7A:D4:19:54:A8,,2001-02-10 04:59:14,0,0,,
40B5B49D-0C46-A482-F3D7-5BBD93627F21,,0,Random D6:4E:C0:D5:6B:3D,,2001-02-10 05:01:43,0,0,,
411D17CE-C482-D196-9476-C970A07C9FE5,,0,Random C2:15:05:49:61:95,,2001-02-10 04:53:24,0,0,,
578E5E92-FA7A-4773-CB25-E4BBE30BE0E9,,0,Random C4:21:43:51:FC:12,,2001-02-10 05:01:15,0,0,,
57A24168-8BBB-2996-0FBC-13D890AF23D6,,0,Random E6:8A:3A:75:14:4F,,2001-02-10 04:52:20,0,0,,
58B5AAE7-AD22-0BDA-4AC1-E0318E1937AD,,0,Random E0:4B:E1:6B:4D:1B,,2001-02-10 04:51:32,0,0,,
58D0AED8-FFC4-4387-3738-A0A5BC915495,,0,Random F4:1C:C4:33:7D:D8,,2001-02-10 05:11:54,0,0,,
5C16ED6A-89CE-EC9C-C8B8-0890A8070201,,0,Random D7:FD:5F:C2:69:C9,,2001-02-10 05:13:02,0,0,,
5DCABC59-3CB4-4113-EB44-25CF72088D2B,,0,Random E6:39:45:1B:58:3D,,2001-02-10 04:56:25,0,0,,
62E365A8-4106-5F1C-62B6-B77F176866DF,,0,Random F2:EA:22:2A:CA:51,,2001-02-10 05:06:07,0,0,,
6606A751-1972-991B-FC36-6C5427DD7559,,0,Random CE:DA:7C:01:A0:C3,,2001-02-10 04:54:07,0,0,,
660A6F24-490D-72A0-4CB4-8F32FBBB3C31,,0,Random C0:45:7E:DD:56:CA,,2001-02-10 05:01:17,0,0,,
690BEC30-389F-5B7A-2FC6-3E6AC966DDB3,,0,Random D3:BE:0D:EF:D5:2D,,2001-02-10 04:57:02,0,0,,
6FC79B81-4427-4A3F-AF2E-B76F2906ECE8,,0,Random D0:E7:57:21:4F:C2,,2001-02-10 05:08:41,0,0,,
71D561AD-CC9D-A40C-AED3-B9735390F245,,0,Random C3:8D:F7:8C:92:4E,,2001-02-10 04:55:44,0,0,,
73A3C715-200C-44E0-0AE9-ECC8D18B9F81,,0,Random CE:79:CE:9C:34:05,,2001-02-10 05:11:46,0,0,,
7892C04B-09A7-FEA7-7057-C482700F8404,,0,Random C0:A2:19:D0:92:E0,,2001-02-10 05:00:27,0,0,,
7A3E779A-22C0-C48B-C4B7-AF85BE2EFD04,,0,Random DF:AC:50:91:4C:FB,,2001-02-10 05:11:25,0,0,,
7A618A98-78DD-7B64-E0D9-F35B9DDD1392,,0,Random DE:38:E5:3E:0B:0A,,2001-02-10 05:06:10,0,0,,
7EFF73E3-224B-F09B-FDE1-A04F31F6B7D4,,0,Random D3:71:5B:A0:19:39,,2001-02-10 04:59:21,0,0,,
82FF47BD-1A4C-CF8E-B816-99CA218B7BD3,,0,Random C7:87:49:F5:FA:6C,,2001-02-10 05:03:32,0,0,,
83C51B9B-DF27-BFAF-6FA3-1DA20114F984,,0,Random EF:5D:50:DE:C3:66,,2001-02-10 05:06:56,0,0,,
84A76FF5-0F52-6B34-FB00-E22A1DF0FA02,,0,Random FC:23:F1:CB:9D:89,,2001-02-10 05:01:32,0,0,,
85AB3F4A-AD25-6A9D-093C-C83C511C187E,,0,Random D6:3D:57:54:7C:DB,,2001-02-10 05:07:26,0,0,,
864E885E-1F53-4605-52CE-2D973C3549B9,,0,Random C5:C6:2E:63:41:31,,2001-02-10 05:09:16,0,0,,
864FD16D-F6E3-259E-A764-FBF291B01942,,0,Random DE:F9:A2:26:9D:1A,,2001-02-10 04:55:26,0,0,,
8B8C3D96-6B5F-7544-7E34-A831B848ACBB,,0,Random D5:CE:3F:8B:30:7E,,2001-02-10 05:04:03,0,0,,
8C63209D-A598-73DC-24FE-388F51C38770,,0,Random D2:18:2D:1A:C5:05,,2001-02-10 05:08:13,0,0,,
8F5160AA-5CAF-ECA4-496E-566DBF447695,,0,Random FE:C5:66:93:00:E1,,2001-02-10 05:02:15,0,0,,
913644B2-AD61-EA79-BDD9-8227E2A26067,,0,Random EA:B6:32:8B:69:82,,2001-02-10 05:13:17,0,0,,
92ED8BBC-FDDB-2C4D-2D7F-0993730A2AA7,,0,Random F3:A4:87:BF:3F:77,,2001-02-10 04:55:17,0,0,,
9366E60C-5144-B960-BB5C-1E9D553C1532,,0,Random EC:D3:51:D8:25:8C,,2001-02-10 05:00:51,0,0,,
9441A825-FCA7-6BF0-EEFC-DC7ABF26A49F,,0,Random F8:22:DF:5A:AD:7F,,2001-02-10 05:12:38,0,0,,
963831A6-732F-7EFF-70DE-482086C1570B,,0,Random C3:54:7C:B1:62:33,,2001-02-10 05:13:29,0,0,,
9DB7317C-408B-FF86-CCBB-FDB8C5CC2C12,,0,Random CE:46:5F:B3:C7:74,,2001-02-10 05:01:22,0,0,,
9F3D17D1-6CEB-433E-8E22-C83357EC33D7,,0,Random C0:92:64:59:13:E3,,2001-02-10 04:53:13,0,0,,
A28020D5-5B70-7372-88E3-C786CC445E9C,,0,Random C0:2E:02:21:03:7E,,2001-02-10 04:54:47,0,0,,
A33790CC-43D0-3496-F9AA-ED7981B0357B,,0,Random D1:24:38:30:7E:91,,2001-02-10 05:02:49,0,0,,
A67590FC-7322-103F-111A-CF915B4F7BB2,,0,Random E2:D6:23:94:3C:2A,,2001-02-10 04:57:50,0,0,,
A76E217F-CD05-5B82-5B74-3E6EB972A08A,,0,Random EE:8B:E0:5D:01:EC,,2001-02-10 05:08:04,0,0,,
A9C1F593-4115-489C-CDFB-21B8BE5EB4DA,,0,Random FF:0A:5A:84:E2:51,,2001-02-10 05:12:39,0,0,,
B20F901F-1CAA-7132-0AE4-4267330DE35A,,0,Random DD:27:12:85:8A:96,,2001-02-10 05:05:11,0,0,,
B25E319E-0882-C4E0-27DD-802745B62645,,0,Random F2:73:DF:B0:DE:4B,,2001-02-10 04:53:11,0,0,,
B3A11FF3-A452-06D2-9D71-61C06306C2CC,,0,Random FA:66:9A:2A:61:3A,,2001-02-10 05:12:12,0,0,,
B5C366F2-7623-E32F-6C83-1C31473D7523,,0,Random FC:A2:CF:DD:19:91,,2001-02-10 05:13:10,0,0,,
B62894C9-E8F8-3300-43F9-FA1DA5B2C5F3,,0,Random C5:6F:47:D4:FC:D4,,2001-02-10 05:09:20,0,0,,
B6D97741-5DB9-2BD4-B65C-66F8D0B198F5,,0,Random C9:49:F5:72:50:C7,,2001-02-10 05:11:38,0,0,,
B82CBE03-B8F7-E1C9-04BB-1B3233F4D971,,0,Random CB:CD:02:97:3B:47,,2001-02-10 05:01:46,0,0,,
BA22DA16-8196-E460-8D45-C220AE473434,,0,Random D1:A1:BB:99:93:F6,,2001-02-10 05:11:10,0,0,,
BEC94E12-5CF8-18FB-B8B6-7CAA5629E53B,,0,Random F1:E7:60:E9:8A:5C,,2001-02-10 04:53:35,0,0,,
BF4A9DCD-188E-BCAF-AF9A-058E24261065,,0,Random D4:98:3F:13:53:AA,,2001-02-10 04:54:31,0,0,,
BFA4EC6F-4F7B-8C1C-969C-89344D85CD1E,,0,Random E0:3C:F2:BC:FE:07,,2001-02-10 05:11:36,0,0,,
C1C686F3-CA41-5DDA-4DD2-4ABCAD02A581,,0,Random C9:08:86:F0:66:9D,,2001-02-10 05:07:41,0,0,,
D2790F0A-09C2-BAE2-6400-434F7230286F,,0,Random D5:F8:0F:12:17:65,,2001-02-10 04:55:04,0,0,,
D5373883-1214-2C45-097E-6C2E37C5384D,,0,Random EF:78:2E:99:1C:45,,2001-02-10 04:57:22,0,0,,
D86D5BCC-E625-D551-F7CB-281B20FE8585,,0,Random D7:F2:68:EC:27:92,,2001-02-10 04:55:09,0,0,,
DF1906D0-645D-E1F0-8E5E-D6F199E79A17,,0,Random E5:B0:2B:67:94:68,,2001-02-10 04:54:00,0,0,,
E25D5776-CE6C-3760-A5C5-D9908923B6AF,,0,Random FB:A8:AE:AC:32:C5,,2001-02-10 05:11:27,0,0,,
E262FAAD-416F-CF7C-CCB6-2F3687F06D92,,0,Random D3:95:C8:6D:F8:2F,,2001-02-10 04:56:23,0,0,,
E3D608B7-B595-E9E9-C3AE-BE151CB24FFC,,0,Random E5:39:09:DB:F5:4C,,2001-02-10 04:59:00,0,0,,
E5D6225D-896A-B8F3-9452-651B2D305304,,0,Random E2:CC:D0:4A:80:EE,,2001-02-10 04:56:21,0,0,,
E63296AC-E9A5-E9AC-CFB0-C55228CF6532,,0,Random EF:94:7D:15:1D:E2,,2001-02-10 05:00:29,0,0,,
E7A4134D-6130-3649-2263-F275F848260A,,0,Random F5:78:D4:DA:34:07,,2001-02-10 04:58:22,0,0,,
EA3F8C64-75E4-C3AF-6888-0C2A9D2C6D48,,0,Random D7:FA:A2:00:36:50,,2001-02-10 05:13:16,0,0,,
EB4951B0-EC7E-F28A-338E-182FE72415B8,,0,Random C1:7A:F0:E4:3B:6E,,2001-02-10 05:13:15,0,0,,
ED95C5A8-6FA2-A9E5-0BA1-667F5022569B,,0,Random D0:5E:91:B8:AB:F7,,2001-02-10 05:00:09,0,0,,
F201C134-0EB3-1B56-9B39-2C1703FE37C2,,0,Random C4:EC:E1:47:BF:CD,,2001-02-10 05:13:04,0,0,,
F5331237-EF52-56E0-A750-B4B5A975C7C6,,0,Random DA:EA:FB:34:DE:C9,,2001-02-10 04:59:15,0,0,,
F570AA0E-46A5-6191-DD6C-0DC729E90424,,0,Random D5:D8:12:D3:64:59,,2001-02-10 05:05:38,0,0,,
F68C354D-9012-8C24-6F77-42AB99A17AFA,,0,Random C4:29:6A:25:1A:FE,,2001-02-10 04:58:44,0,0,,
F9FBB56F-A5F7-CF0D-0360-FE1A86FB82A8,,0,Random E9:52:5E:B9:14:6B,,2001-02-10 05:07:54,0,0,,
FC6D61C0-53F3-BABF-84C2-1C3B8D8FD159,,0,Random F6:59:67:93:7F:64,,2001-02-10 05:11:57,0,0,,
0AC2BEEE-9098-2FE5-5AB5-25547B221059,,0,Random EF:53:62:34:3D:20,,2001-02-10 05:14:26,0,0,,
0F230A81-403B-2B8B-FD0B-AD9A273F7DD0,,0,Random F3:56:0F:93:68:D5,,2001-02-10 05:14:05,0,0,,
23BC2740-13D3-D894-8C60-061206EAA34B,,0,Random DF:72:AF:9C:D2:93,,2001-02-10 05:14:40,0,0,,
2A080931-7165-D61D-7037-CD8126CA054B,,0,Random E6:5A:A7:E3:E6:17,,2001-02-10 05:14:56,0,0,,
6772BA3E-9793-2E65-2799-CB3B43771DFB,,0,Random E1:B8:03:24:31:23,,2001-02-10 05:14:34,0,0,,
84D4D655-EB2A-9051-FCE2-FA61E3DA305C,,0,Random C9:0D:EE:CF:2F:35,,2001-02-10 05:13:39,0,0,,
86EDABFF-24B1-417C-A7C3-2C2C9D7EED3D,,0,Random FF:0C:7D:0D:F6:F5,,2001-02-10 05:13:59,0,0,,
9B6C262F-0811-5F23-FB44-FDD36EC463DA,,0,Random DA:4F:62:6B:2C:8D,,2001-02-10 05:14:55,0,0,,
A0C50BC5-8F8C-FB5D-3DB9-521FFEFFB52B,,0,Random FC:AC:63:4D:15:2D,,2001-02-10 05:14:44,0,0,,
C7AE2EB7-7CD7-815B-B903-D9105B7EFC0A,,0,Random DB:D0:AA:C4:0D:3F,,2001-02-10 05:14:30,0,0,,
E967A09C-DE82-37EB-883A-6ACF89AFC626,,0,Random F4:82:2B:60:96:9A,,2001-02-10 05:14:59,0,0,,
F10EA6C9-5CC3-8780-786D-D50DC2C907A3,,0,Random E9:BA:CF:55:5B:86,,2001-02-10 05:13:37,0,0,,
FA4E8C2A-9F8C-1048-D3A9-4CEBDBF09AD5,,0,Random E5:E9:57:D2:BB:72,,2001-02-10 05:14:24,0,0,,
3530D075-F0AD-12E9-CD29-044E50F8AFF7,,0,Random DC:76:6B:61:1D:F3,,2001-02-10 05:15:09,0,0,,
3E23AB60-7DF5-F36F-9D6B-AB3129254257,,0,Random CC:20:22:91:A8:C0,,2001-02-10 05:15:38,0,0,,
41EDF0AC-1B14-29D1-1333-7394F6B267EF,,0,Random D7:1C:5B:00:72:E7,,2001-02-10 05:15:05,0,0,,
4B584B8F-F6D3-F3C9-A3EF-9C06DFC54469,,0,Random F0:74:33:D0:3D:58,,2001-02-10 05:15:40,0,0,,
4D7AEE50-BA18-F78C-857D-5D095E058694,,0,Random F1:06:42:C6:E5:34,,2001-02-10 05:15:22,0,0,,
59B4860F-642D-4309-C3CA-675904DB0B39,,0,Random EA:1E:59:C2:08:4B,,2001-02-10 05:15:41,0,0,,
6E3161BD-E10C-988E-815F-7E3A3E86A1D6,,0,Random EC:23:74:A0:8F:30,,2001-02-10 05:15:26,0,0,,
77E436A6-4E9A-3DDE-5B98-B8D3DE37EF2F,,0,Random D8:3E:82:F7:A1:48,,2001-02-10 05:16:05,0,0,,
83D2145C-0629-3B33-DA62-2802716399D6,,0,Random D2:07:49:02:DC:C1,,2001-02-10 05:15:08,0,0,,
8CE772C7-8646-DDF0-CAA5-6F6B9D173D3D,,0,Random EF:B4:CF:81:93:43,,2001-02-10 05:15:37,0,0,,
9C895A76-3A68-B026-390F-A743C03217A7,,0,Random F2:4E:4A:97:B4:18,,2001-02-10 05:15:44,0,0,,
A2D9CC7C-1404-A3B1-8C94-1C18C10EB740,,0,Random F3:00:4D:3E:00:0F,,2001-02-10 05:15:17,0,0,,
AEEACB2A-9026-942F-EF55-E5AF668D6E38,,0,Random D2:97:CD:0A:AA:F3,,2001-02-10 05:16:23,0,0,,
C39E8C4C-0D54-52DD-B9A7-F00D4A964F27,,0,Random C6:5D:BF:84:D8:7A,,2001-02-10 05:15:45,0,0,,
E1BEBA18-4A0A-0A24-E842-9338ED1CAF8D,,0,Random F9:99:32:83:11:69,,2001-02-10 05:15:35,0,0,,
F783BCA9-E984-EBAA-1438-7F93B61A5100,,0,Random FD:EB:5B:1D:A9:52,,2001-02-10 05:15:34,0,0,,
14DC1654-0F91-A615-6C05-B83AFCB8A8E1,,0,Random DC:91:8F:9E:D2:F1,,2001-02-10 05:16:59,0,0,,
5567A97D-B34C-16CC-250B-3D09EC949238,,0,Random D8:9E:83:22:22:18,,2001-02-10 05:16:36,0,0,,
BB3E2332-B3E4-E98D-D42E-9FB636241D3B,,0,Random D8:48:39:A7:5C:5E,,2001-02-10 05:16:26,0,0,,
BBCFA521-3CCD-1FC0-F2EB-CF427F9EFDEB,,0,Random D3:02:71:DE:B0:05,,2001-02-10 05:16:41,0,0,,
D1A89550-93F5-3946-C6D2-D5ACC52AF905,,0,Random C4:35:C5:B4:D4:EE,,2001-02-10 05:16:58,0,0,,
1DAA68CB-2BFA-D6E1-B953-F91CEEAB2E40,,0,Random C9:62:BE:4C:F2:10,,2001-02-10 05:17:13,0,0,,
2AC6F54C-2E0C-3D49-6F3B-867C3EB456E4,,0,Random C5:4D:2C:E0:3C:BF,,2001-02-10 05:17:19,0,0,,
3AE7C32D-D8B4-484C-611A-07CBFB921CD8,,0,Random F6:25:77:96:4C:5D,,2001-02-10 05:17:21,0,0,,
5D51D3F0-5607-082E-914B-F96E3EF1D4EB,,0,Random DE:5E:03:1C:60:AF,,2001-02-10 05:17:14,0,0,,
718747C3-0634-5C39-A9BB-059051EFDB65,,0,Random CB:09:B7:6C:65:0F,,2001-02-10 05:17:16,0,0,,
99F3ECAF-2618-0331-B123-91C9A26D1D9D,,0,Random E2:01:9A:49:AE:67,,2001-02-10 05:17:26,0,0,,
9A45C8A0-A0F0-9C3C-59D5-1835367380F1,,0,Random DE:13:2C:CF:FE:8C,,2001-02-10 05:17:38,0,0,,
A41E7BED-83EE-A591-6143-B8CBC57FCDB5,,0,Random FD:DB:31:6D:F7:06,,2001-02-10 05:17:22,0,0,,
A99B5EFA-32DB-90AF-817A-5A8F7FCF8C75,,0,Random C7:70:A2:18:47:8E,,2001-02-10 05:17:27,0,0,,
ABB3EF13-039A-0496-6810-0BB8E0EA7A62,,0,Random E0:8E:B7:63:F1:5A,,2001-02-10 05:17:23,0,0,,
B6336D65-6022-A578-13F9-D25F5377FF88,,0,Random F8:A0:49:5B:B7:92,,2001-02-10 05:17:31,0,0,,
CFCDE16B-FCB7-FE20-E783-CD2C1C8DB328,,0,Random D1:0A:88:97:DE:45,,2001-02-10 05:17:12,0,0,,
E2B4687D-CE49-FC33-5F10-89871F479E25,,0,Random CA:6D:3D:25:BC:C6,,2001-02-10 05:17:18,0,0,,
446A91C5-A719-EBA4-8966-97DCEF1F494C,,0,Random F9:27:A2:A5:BE:29,,2001-02-10 05:17:47,0,0,,
04F05906-C7D8-EEAC-2CD9-F8FE7F56CE3F,,0,Random E2:BB:E9:88:43:21,,2001-02-10 05:18:19,0,0,,
161B24CB-A9A1-06C4-A9F6-B5008C61C6A6,,0,Random CB:4D:37:99:93:E6,,2001-02-10 05:17:53,0,0,,
2295CCAA-E612-0934-3473-0C9B6ADF7C10,,0,Random F0:26:A7:0A:CD:C6,,2001-02-10 05:18:56,0,0,,
3118FA64-C032-F9A5-1C71-3A003197511D,,0,Random DD:E2:33:31:89:88,,2001-02-10 05:17:51,0,0,,
6339C907-3A28-7AB6-5D52-9CD84BA3C153,,0,Random DB:D1:49:E4:40:42,,2001-02-10 05:18:24,0,0,,
8FF7A55E-D955-A4CC-276A-18C7B6E7DBF6,,0,Random D8:75:53:3E:13:9A,,2001-02-10 05:19:15,0,0,,
A0250246-2A11-AEF5-B9A0-5D5A07F918A0,,0,Random E6:98:95:34:8F:37,,2001-02-10 05:18:14,0,0,,
BC1BA5AE-78B9-202C-FFF8-C2661947469B,,0,Random FA:DC:F2:B1:ED:19,,2001-02-10 05:18:12,0,0,,
C054BBE7-8A51-4737-984B-1C4700CA1ABD,,0,Random D6:7D:10:91:5E:22,,2001-02-10 05:18:39,0,0,,
C8904F45-BE07-5AA4-08DD-20A739AF380F,,0,Random E3:83:D2:19:53:16,,2001-02-10 05:18:00,0,0,,
EA8C7209-6198-A4CD-0498-F0A8BEFF0932,,0,Random F4:54:D1:75:A4:B5,,2001-02-10 05:18:18,0,0,,
EDCBC439-EF0E-58ED-1344-8CB618E7A530,,0,Random CC:F8:75:08:C3:F5,,2001-02-10 05:17:50,0,0,,
FDC6658E-2555-EF2D-7E21-C34EF32AF88E,,0,Random E2:51:35:DE:6D:B2,,2001-02-10 05:19:09,0,0,,
4C014382-CAFD-4EAC-15C0-A2096E4AB41E,,0,Random DE:6C:29:F1:1D:34,,2001-02-10 05:19:17,0,0,,
04D88DE4-64CE-B73F-0D4C-C67FC759DEBC,,0,Random F2:D3:FB:1E:1C:5C,,2001-02-10 05:19:23,0,0,,
11E32171-E51A-AC63-E587-6709456B68F4,,0,Random E1:87:4C:B5:1E:8B,,2001-02-10 05:19:19,0,0,,
89F0ADE5-4609-62BD-2664-42B733DC1E00,,0,Random FC:14:1A:4C:28:01,,2001-02-10 05:19:22,0,0,,
07EE2318-1EF8-A8E6-0881-793AF1132611,,0,Random D9:77:11:B9:72:2C,,2001-02-10 05:19:41,0,0,,
09666BE9-0E5A-8F7E-43E5-42DCB8FCEC2F,,0,Random CD:67:17:84:1E:82,,2001-02-10 05:19:39,0,0,,
165442DF-EAFA-C8A0-DB26-AAE2F8C017E3,,0,Random F7:73:F0:2C:71:1E,,2001-02-10 05:19:36,0,0,,
212CCD2A-75C3-7E86-183D-BDDB87A632E3,,0,Random F6:47:95:6C:F8:E4,,2001-02-10 05:19:44,0,0,,
49BE6210-9E1B-B5CF-83C7-E1B29FC581CD,,0,Random EF:47:DA:06:D9:57,,2001-02-10 05:19:46,0,0,,
50962A2D-C20F-AB26-0AD7-952388B65813,,0,Random E0:86:19:18:2C:3D,,2001-02-10 05:19:45,0,0,,
5219A5B1-A697-A5AE-C2A1-7994DB4C01D8,,0,Random C9:6F:2E:CE:8E:5F,,2001-02-10 05:19:38,0,0,,
6B5D7447-E69E-8DB4-B322-8C42F249ABC0,,0,Random F3:D6:FC:FB:A4:BD,,2001-02-10 05:19:35,0,0,,
6D9D1863-737B-F6D3-EF19-AD14FAE262BF,,0,Random C6:0D:1F:7C:DC:A9,,2001-02-10 05:19:24,0,0,,
75B75B0B-924B-093E-4066-E6F6CAC290E6,,0,Random C3:46:75:D8:23:BA,,2001-02-10 05:19:29,0,0,,
77FF335C-7487-538B-497A-03DAF622B7C3,,0,Random D1:E8:F4:7D:5D:8E,,2001-02-10 05:19:37,0,0,,
8A6AE1EF-8C1D-5967-82B0-B4BD20E9538F,,0,Random C1:F4:A6:A7:65:DA,,2001-02-10 05:19:50,0,0,,
AED3488E-B860-74CE-F401-BBDC3B175EE3,,0,Random C5:F5:60:AE:52:69,,2001-02-10 05:19:40,0,0,,
DA89F802-DEDE-D7AC-632A-967EFE21B43E,,0,Random EF:32:89:AC:CA:1D,,2001-02-10 05:19:30,0,0,,
E29C816F-0549-895E-E437-C05A9914C20D,,0,Random C2:CE:AA:2C:73:0D,,2001-02-10 05:19:33,0,0,,
F2DB98B6-E9FE-2A12-82FB-71EF2B90EB30,,0,Random C2:81:A0:74:43:37,,2001-02-10 05:19:52,0,0,,
E84CBFB8-FEFD-C901-CF00-885441091F40,,0,Random DF:A3:6B:9D:CA:C6,,2001-02-10 05:20:01,0,0,,
F60A783F-A4F2-AAA9-476A-A5869EAC6CF1,,0,Random DA:C0:1B:32:6F:22,,2001-02-10 05:20:12,0,0,,
05533369-943B-35E3-4541-42E9B4651C53,,0,Random D6:E2:19:9C:34:2C,,2001-02-10 05:21:16,0,0,,
0847CCF9-4AE3-0A59-84D4-4FF7974DAF5F,,0,Random F4:A9:70:4A:69:BB,,2001-02-10 05:20:41,0,0,,
18E4B793-F0C8-B24B-57B2-3DA73F380867,,0,Random C9:A7:27:82:1B:53,,2001-02-10 05:22:37,0,0,,
20B7EDFB-C7CE-93AE-ECC7-BD06C31F73C6,,0,Random F5:16:22:E1:21:70,,2001-02-10 05:22:06,0,0,,
21F39E6C-07A6-9FFD-39AD-F7ED77FE5AAF,,0,Random E8:34:7B:77:D8:05,,2001-02-10 05:20:18,0,0,,
2A3FC673-044F-6ADB-B6F6-220AEEF6FFA7,,0,Random CD:3C:13:68:60:CE,,2001-02-10 05:22:43,0,0,,
3FCFEC33-C505-297E-4E8D-248235B15058,,0,Random C1:DE:0C:CC:03:A9,,2001-02-10 05:20:32,0,0,,
4EC54FA5-772B-5DBF-1F4C-4E4379E2573C,,0,Random CF:FA:C7:18:94:FE,,2001-02-10 05:22:41,0,0,,
518880C1-6527-A44B-F934-02C739874473,,0,Random F1:99:8F:06:14:12,,2001-02-10 05:20:26,0,0,,
537FE929-789B-1555-1028-0755BC2CFE70,,0,Random D5:A1:6A:C4:38:99,,2001-02-10 05:20:20,0,0,,
5D985B67-BA82-CC68-D97F-3781A0B646C3,,0,Random E4:D1:18:73:7F:A3,,2001-02-10 05:22:03,0,0,,
70177D0D-8053-9661-3FA6-BF95D1E95C58,,0,Random D4:17:FA:ED:E4:ED,,2001-02-10 05:21:09,0,0,,
7A14D4D4-E28A-5C28-A951-62A2C75C334C,,0,Random F0:C9:1E:69:17:63,,2001-02-10 05:22:46,0,0,,
8F1123AA-93B2-D2B3-80D4-39D7AEE1C283,,0,Random E9:68:18:02:BF:9F,,2001-02-10 05:22:12,0,0,,
9A3F414C-AEA8-5E99-0861-2D37B5E94537,,0,Random DB:EF:EA:A3:94:DD,,2001-02-10 05:22:42,0,0,,
E358AFE6-0D7C-0C64-2B92-BAA69B31354E,,0,Random D3:67:21:10:57:08,,2001-02-10 05:20:14,0,0,,
5872F5C6-35A8-A687-91FE-8398809AC6AB,,0,Random C2:96:C7:4C:8E:5C,,2001-02-10 05:22:47,0,0,,
B55259CA-9C3F-9909-C77C-8645854F9322,,0,Random ED:C4:D0:A9:62:72,,2001-02-10 05:22:48,0,0,,
0F8C6258-1C0E-D711-5A35-3F5AE1C59E95,,0,Random F9:05:8D:0A:BE:E5,,2001-02-10 05:22:49,0,0,,
19284EA8-62A8-02A5-EE69-C6458A8E8263,,0,Random CB:EC:CF:51:00:38,,2001-02-10 05:22:50,0,0,,
4A397BB8-3657-E40C-8ED7-628A48C7D396,,0,Random D3:9C:2B:2E:41:31,,2001-02-10 05:22:55,0,0,,
3E741E0B-1A66-4825-D932-F6C50F5C7542,,0,Random DB:C4:04:72:48:8A,,2001-02-10 05:22:58,0,0,,
A2F092CF-7B47-087B-55FA-4C28C29C407E,,0,Random E3:27:14:AA:F8:C2,,2001-02-10 05:23:04,0,0,,
F6D073E5-EA73-1523-0B60-B6A9E3CB3244,,0,Random E2:B8:62:19:A9:CA,,2001-02-10 05:23:00,0,0,,
FBF78FC8-36BA-321C-4080-7B325892767A,,0,Random CA:E9:F1:43:2F:AE,,2001-02-10 05:22:57,0,0,,
374E603F-89E7-1AC8-6A30-E9F79C398B3F,,0,Random CB:02:7D:87:EA:44,,2001-02-10 05:23:07,0,0,,
49FFD8DA-3A8E-E6BD-0323-26BABEBCE569,,0,Random D2:80:29:08:75:03,,2001-02-10 05:23:06,0,0,,
F8CB867F-7E3C-433E-1EF0-11BD51072F04,,0,Random CD:F0:D2:9D:84:BA,,2001-02-10 05:23:08,0,0,,
0BF973CF-C01C-61FA-1FE0-CCB30ACB60DA,,0,Random FD:98:68:09:D8:59,,2001-02-10 05:23:35,0,0,,
192F24D6-BEDF-E053-1718-B919BA9D2A19,,0,Random D7:3C:F7:C8:E9:D4,,2001-02-10 05:23:14,0,0,,
302E02E7-DC59-BA40-1DA0-C23E03F7BF55,,0,Random DC:FB:B6:EC:D0:D2,,2001-02-10 05:23:42,0,0,,
339DE74D-B041-1EBD-BB2B-7E4FE818DEE7,,0,Random C6:D7:09:42:15:7E,,2001-02-10 05:23:28,0,0,,
43A924B2-454B-2DDC-D0BE-3A88735522F2,,0,Random E8:E4:66:04:F0:94,,2001-02-10 05:23:39,0,0,,
45824C77-B911-E622-AB6A-7373B84B9BA1,,0,Random CF:62:DC:F9:FC:59,,2001-02-10 05:23:22,0,0,,
4829ABC6-142A-1D36-3E05-271376EBE951,,0,Random E5:75:ED:4F:A2:DA,,2001-02-10 05:23:19,0,0,,
50C21453-03C3-6835-4A07-6A43A498D909,,0,Random E3:3F:ED:12:5C:C1,,2001-02-10 05:23:43,0,0,,
7E6EA5D9-6725-F31A-9FDF-7E96AD54915A,,0,Random C7:1C:0B:E0:92:21,,2001-02-10 05:23:16,0,0,,
8F432866-FB7B-C53D-AA63-40F1A7706C0B,,0,Random CB:31:28:11:9F:EB,,2001-02-10 05:23:15,0,0,,
964C2830-F127-4D93-5C06-7B16B224AD12,,0,Random F4:C5:69:F7:47:53,,2001-02-10 05:23:11,0,0,,
A3A14952-8130-C31B-9E72-B8F89AFBE025,,0,Random D4:0B:CE:21:61:98,,2001-02-10 05:23:23,0,0,,
AEB59372-6344-210E-2D5B-EE34DA7212E8,,0,Random D0:5D:E3:FB:65:C1,,2001-02-10 05:23:26,0,0,,
BC535D34-140D-978C-9909-BB343DE0BD11,,0,Random F5:B2:B7:E3:06:E3,,2001-02-10 05:23:13,0,0,,
C21ED5B4-661C-A71D-64BB-4200E06CD7CB,,0,Random FB:01:F1:CC:76:D6,,2001-02-10 05:23:31,0,0,,
F01BEDF4-D58A-CF5B-B727-3C9BAEA5D9D1,,0,Random E9:80:15:E0:DA:DE,,2001-02-10 05:23:32,0,0,,
FBCBB556-A9C7-2090-0F1E-164F5F961B11,,0,Random C8:05:8D:CF:2A:CA,,2001-02-10 05:23:09,0,0,,
0006615D-FDB0-A44D-E072-421089FA96D0,,0,Random FD:C9:F3:52:92:66,,2001-02-10 05:23:48,0,0,,
02EEB296-43BF-904A-59A5-1B2BD388B6F1,,0,Random D6:C4:02:B4:2A:54,,2001-02-10 05:24:02,0,0,,
5784BB33-A024-E96D-8562-379C12137315,,0,Random C4:03:58:45:27:6C,,2001-02-10 05:24:03,0,0,,
71EDE4F1-EF7A-3C8A-A01C-A4E7F75C6EB0,,0,Random D0:21:24:0D:01:BC,,2001-02-10 05:23:58,0,0,,
8E455F01-3FFE-568D-7A28-2AD1B35647AA,,0,Random DB:6C:CC:64:64:59,,2001-02-10 05:24:01,0,0,,
A8ABE96A-22C2-8D75-E483-95DF942B604B,,0,Random C1:69:65:C4:8E:0A,,2001-02-10 05:24:00,0,0,,
C0B5EF8C-30DB-C429-7B5C-083B078D43F6,,0,Random C1:4A:91:FD:85:DE,,2001-02-10 05:23:57,0,0,,
D9CCCD55-F9B4-E7B0-C8FC-EB68FC9EAAD3,,0,Random C6:1A:C7:AE:EB:A7,,2001-02-10 05:23:49,0,0,,
1CDD7C3E-11B2-3FC7-4C41-E67D05EB3A7C,,0,Random D1:56:E8:8D:17:35,,2001-02-10 05:24:05,0,0,,
4D0F88A6-2C38-F7D7-F30E-291E9CED75D9,,0,Random C1:39:35:63:E8:78,,2001-02-10 05:24:04,0,0,,
7C66C4F1-82CE-EF49-B0EE-0291159D99B0,,0,Random F5:7B:00:8A:AB:85,,2001-02-10 05:24:06,0,0,,
4E145C2B-CA11-B5FF-D22E-87985D56B6AA,,0,Random FE:56:17:82:5F:F8,,2001-02-10 05:24:08,0,0,,
972CF293-8D79-64BE-64F9-873B81635779,,0,Random C6:1D:14:95:FC:AC,,2001-02-10 05:24:07,0,0,,
0B780BB7-AAD5-B955-A894-1AA04E48D034,,0,Random DB:1C:6C:4C:F8:00,,2001-02-10 05:24:24,0,0,,
3464DD81-E1BC-67CF-4D71-2EFFDFB46090,,0,Random FC:F6:BB:9E:0E:28,,2001-02-10 05:24:26,0,0,,
58905306-BC50-88A0-9A63-60D1FA50A12F,,0,Random C3:28:0F:E9:4C:3E,,2001-02-10 05:24:11,0,0,,
59139657-F38B-4EC3-B75A-E0DC41282B68,,0,Random CD:E8:06:9C:B3:B4,,2001-02-10 05:24:09,0,0,,
821202E1-E985-1356-23C9-2561181203D2,,0,Random EC:C7:02:89:EA:73,,2001-02-10 05:24:32,0,0,,
B113C0A2-392E-7461-E162-3435A8385D19,,0,Random F2:F6:A6:89:D9:8F,,2001-02-10 05:24:12,0,0,,
BF6C3AFF-1811-010D-113F-0E7E28301CFC,,0,Random FC:5D:1F:48:8E:1F,,2001-02-10 05:24:15,0,0,,
CF6FA215-58D2-2DE2-A97E-9B538ED4E489,,0,Random ED:40:D0:F3:BB:7F,,2001-02-10 05:24:31,0,0,,
D6104495-AFC1-2755-A66D-95A15DF1BC94,,0,Random F3:E0:DD:32:A0:AC,,2001-02-10 05:24:10,0,0,,
E9F0C86B-F541-93BC-EA5B-303E3F19E9E7,,0,Random C9:BE:6A:B7:AF:39,,2001-02-10 05:24:21,0,0,,
08A70D1A-9ADB-0869-2D33-3E314FA33C4F,,0,Random F0:54:89:F3:F6:F7,,2001-02-10 05:24:48,0,0,,
0D5664B2-5453-CD59-708E-74A6E15F8957,,0,Random E3:7E:CD:94:A8:80,,2001-02-10 05:24:40,0,0,,
295B22D7-94D1-8481-A1D0-6F61699E9DD6,,0,Random C9:AF:F0:D6:12:A4,,2001-02-10 05:24:36,0,0,,
2E7A333E-1583-9B7F-7C4C-DFF8284F76E9,,0,Random CD:62:C2:EB:E4:7B,,2001-02-10 05:24:46,0,0,,
39A9B450-A604-28B1-0089-05409A1FCDE6,,0,Random D7:D6:56:0B:61:A1,,2001-02-10 05:24:47,0,0,,
44EA507D-9852-AED1-1B16-1A7762AA4AB4,,0,Random D8:0A:82:69:CB:22,,2001-02-10 05:24:55,0,0,,
53F0761E-73BC-05C1-89E4-355FDA929881,,0,Random ED:23:C1:AF:8C:6E,,2001-02-10 05:24:38,0,0,,
58A0BFE9-8DC3-0930-E487-1B3ACBA7A5E8,,0,Random F1:6B:E2:A9:4E:E8,,2001-02-10 05:24:44,0,0,,
6B40D2BE-19C0-4C6F-C29B-DDD540AA68F9,,0,Random F7:8B:D3:15:72:53,,2001-02-10 05:24:41,0,0,,
8DB0EE64-9D91-CF8A-4D28-F08308BCA1C1,,0,Random FE:86:6A:5B:AD:30,,2001-02-10 05:24:39,0,0,,
9F1D1AD8-D0C5-E92D-1423-DCFA29EAE0D7,,0,Random E1:A7:BA:65:D5:C5,,2001-02-10 05:24:49,0,0,,
B8B09545-C733-FDD0-B6B4-A1A2D81968AA,,0,Random EA:F0:D9:B7:36:B4,,2001-02-10 05:24:43,0,0,,
B97821FE-28F5-63FB-6720-CF05E3C71673,,0,Random F0:58:0E:66:64:34,,2001-02-10 05:24:54,0,0,,
C3C6857C-4F1E-C083-7713-C4BC133EFB18,,0,Random D0:51:B1:51:5B:F3,,2001-02-10 05:24:51,0,0,,
C93D8523-8443-3F78-ECBC-5134D597F8A8,,0,Random DC:AE:B8:4F:EC:16,,2001-02-10 05:24:57,0,0,,
CB99F3D9-9142-9C96-B63A-C2F77764CBA7,,0,Random F9:F3:2A:07:9D:6A,,2001-02-10 05:24:37,0,0,,
E5B5EFE7-BDEF-46B8-3BFF-EF1DFD7ACE38,,0,Random F7:C7:3E:D9:3A:14,,2001-02-10 05:24:45,0,0,,
EC12A7C0-EB84-0EDF-4F66-2AB529F746DA,,0,Random FD:C0:EE:E8:29:F3,,2001-02-10 05:24:42,0,0,,
F93477A7-09C5-791C-5680-8F6CAA8B75AC,,0,Random DC:9A:4C:BD:3A:4F,,2001-02-10 05:24:52,0,0,,
09ABC906-3653-239B-375C-BCE33D377D64,,0,Random CA:A1:FC:C7:B8:0F,,2001-02-10 05:25:09,0,0,,
289F521D-CFC8-7014-CE4D-7D70AF0AFE58,,0,Random E3:7B:24:BF:67:D7,,2001-02-10 05:25:13,0,0,,
30AA97EA-4DFF-8BFC-8712-D70A417846AE,,0,Random FE:2F:88:81:A3:A6,,2001-02-10 05:25:07,0,0,,
46C2FBF8-40E4-9A53-93CF-4E52CF0B4D4D,,0,Random DB:B5:11:D6:C0:B3,,2001-02-10 05:24:59,0,0,,
5845C51F-31F3-02C8-BFD3-1FADE5C3CF7F,,0,Random F7:66:D7:61:0F:2D,,2001-02-10 05:25:12,0,0,,
590FBE1E-2925-3113-5758-AEFACF4E2C09,,0,Random EA:79:BC:EA:6E:35,,2001-02-10 05:25:08,0,0,,
6683BEDE-C83F-2670-404F-36CBEE6762DB,,0,Random E0:3A:15:6E:C6:1B,,2001-02-10 05:25:00,0,0,,
86885AD4-895A-371A-1CAC-BEFD48251E8A,,0,Random FC:82:3F:46:E2:E6,,2001-02-10 05:25:16,0,0,,
977BD569-4F34-4F56-1841-97BA4ADE2505,,0,Random F3:E2:B0:0D:76:F9,,2001-02-10 05:25:19,0,0,,
9E5C572C-3BDA-A807-AFE6-1E64CA983783,,0,Random FE:EA:DA:9C:86:34,,2001-02-10 05:25:02,0,0,,
AD67990D-EA0A-9CA5-E587-4DCA044961FB,,0,Random C2:22:72:C7:D5:6D,,2001-02-10 05:25:15,0,0,,
B895F945-7194-A5B5-4F90-F3A3D7F6E9C9,,0,Random D0:2D:34:2A:2B:7C,,2001-02-10 05:25:06,0,0,,
BAF0BDF9-28CF-CCF5-8538-BAC2725D9A9F,,0,Random E0:DC:75:AE:D9:66,,2001-02-10 05:25:18,0,0,,
BD5548B6-DE97-11F7-8B84-240CF8DA9988,,0,Random D2:16:A4:76:E8:55,,2001-02-10 05:25:11,0,0,,
DD4ED3B8-AE05-6188-B836-1ED230A96F12,,0,Random D0:43:07:BB:58:4B,,2001-02-10 05:25:10,0,0,,
E075D247-0437-AD84-AC77-81BDA380217B,,0,Random F2:8E:DA:6F:B0:24,,2001-02-10 05:25:03,0,0,,
E9F67AEA-A02C-4929-E8C4-BEC31E886830,,0,Random F6:C6:28:C4:15:5C,,2001-02-10 05:24:58,0,0,,
F7C88E73-BF33-6DC6-B360-49C5FEDE100E,,0,Random C1:0F:6D:27:B8:C2,,2001-02-10 05:25:17,0,0,,
02B9EDED-BBAC-7953-F91B-42B346B311BF,,0,Random E3:4C:2A:F0:5A:C0,,2001-02-10 05:25:20,0,0,,
63E196E6-9A7D-AA1F-65B0-042B00641742,,0,Random C3:E3:84:87:B8:6C,,2001-02-10 05:25:21,0,0,,
B2CADA54-C5ED-B139-ECF0-FD7859CDD58E,,0,Random F5:38:B4:CA:D3:8F,,2001-02-10 05:25:23,0,0,,
B7040717-E2F7-C416-5F33-231FFCF827D9,,0,Random F6:58:6B:67:3C:B7,,2001-02-10 05:25:22,0,0,,
001A287B-EB05-66D2-7C2A-3B30570C0598,,0,Random DF:11:7C:38:EF:CE,,2001-02-10 05:25:25,0,0,,
FCD844CC-0C37-B53D-3269-3EC01BE0D4D6,,0,Random EF:6F:E3:DD:3F:B7,,2001-02-10 05:25:24,0,0,,
B26A4019-E36B-D8D7-29B8-EFF2A81AFCB2,,0,Random C8:1F:ED:5B:5E:6F,,2001-02-10 05:25:26,0,0,,
69CF3D92-0A30-396E-11AD-1B550DDDF3CD,,0,Public 60:03:08:BD:8E:BE,,2001-02-10 05:30:28,0,0,,
1B003019-1312-A768-E3E1-AD54149977B9,,0,Random FB:8A:14:50:EB:B5,,2001-02-10 05:25:27,0,0,,
00724153-74C4-AA13-4B1A-F2B72DBBACBF,,0,Random E4:2D:68:14:CE:57,,2001-02-10 05:25:33,0,0,,
048D529F-2BFD-7F74-DC96-1CB0810FF3AA,,0,Random C9:81:9C:02:6F:A1,,2001-02-10 05:25:46,0,0,,
17F2BE54-1588-AD1D-3FF4-6E4960960B5B,,0,Random F7:19:80:DC:53:26,,2001-02-10 05:25:43,0,0,,
1FC6F4B3-DD7E-9713-C5D7-10A655E14BBA,,0,Random C3:D6:D2:92:F6:01,,2001-02-10 05:25:31,0,0,,
24AA49B1-4A76-3C68-45E3-982AC112454D,,0,Random C3:44:78:E5:0E:E6,,2001-02-10 05:25:37,0,0,,
4E0C868B-1E73-F347-E4C4-ED3EB3D74A24,,0,Random F3:04:09:4E:B8:0B,,2001-02-10 05:25:53,0,0,,
5E6A1B8D-FFDC-1338-5AAA-D1A98F337E83,,0,Random CD:EB:53:90:C4:85,,2001-02-10 05:25:47,0,0,,
669CF118-B596-DB88-D853-0535C3057359,,0,Random F4:42:0D:16:0A:3E,,2001-02-10 05:25:39,0,0,,
71D45E67-D12D-51E6-5A4F-37D32C5ACDB9,,0,Random DD:B1:3E:BD:E6:6B,,2001-02-10 05:25:30,0,0,,
75934818-9368-5B72-258B-37285DBF9CF1,,0,Random C2:33:72:48:AB:39,,2001-02-10 05:25:45,0,0,,
7D827732-E9B4-7F90-58A0-83744F427680,,0,Random F0:B2:55:FB:0E:78,,2001-02-10 05:25:52,0,0,,
9098BBFF-C710-2E74-C3EB-86FB6DC1835F,,0,Random C2:AE:E1:F0:FA:77,,2001-02-10 05:25:54,0,0,,
A29B93CA-7E18-4282-823E-9FC69099F898,,0,Random DD:12:D7:5F:64:BA,,2001-02-10 05:25:51,0,0,,
A862F581-70D3-B79D-D11A-BEE89D131848,,0,Random EC:1D:9E:4F:DC:27,,2001-02-10 05:25:28,0,0,,
A9B3EA66-DF25-8893-668F-A77192BE0263,,0,Random FF:5A:74:6F:FE:4F,,2001-02-10 05:25:40,0,0,,
BD092251-0662-B4DB-55F3-659C56BE0A27,,0,Random FC:DD:45:67:FD:26,,2001-02-10 05:25:50,0,0,,
CC9BF9BD-5737-4CBD-F6DC-E63B22D9A449,,0,Random C2:81:CB:6E:EC:39,,2001-02-10 05:25:29,0,0,,
F3B7984B-2E62-6748-2C56-299DC55AF2BE,,0,Random E5:BE:E3:00:9C:A2,,2001-02-10 05:25:36,0,0,,
1B85E6C9-BBE6-DE0E-1D3F-C593F2E10193,,0,Random F4:94:C5:24:92:9A,,2001-02-10 05:25:55,0,0,,
208036BA-D4DA-5891-1465-9D2F39D998AA,,0,Random D0:61:59:8D:58:45,,2001-02-10 05:26:09,0,0,,
20C82057-EB8C-30A2-8342-9FF9433E7053,,0,Random E9:DD:5E:2F:5D:56,,2001-02-10 05:26:14,0,0,,
246DEB18-7B03-26B6-5ED5-29E89A1F2EBE,,0,Random F7:60:FD:C9:45:7D,,2001-02-10 05:26:27,0,0,,
2C8CB2D3-87BA-33B9-5ADD-6358096D0554,,0,Random C0:15:56:D4:0C:83,,2001-02-10 05:26:07,0,0,,
39204B6E-6536-4E38-F4C4-C4B0500EC91A,,0,Random F1:E6:28:E8:8B:1F,,2001-02-10 05:25:58,0,0,,
3BF80B33-A311-7C12-DAB4-BAAEA80F24CE,,0,Random DA:36:84:15:F2:52,,2001-02-10 05:26:23,0,0,,
49313A01-1836-2DD6-37B1-C568A2EF2669,,0,Random E4:3A:77:B6:DB:C7,,2001-02-10 05:26:02,0,0,,
4960FB81-C946-2F59-15E1-CCEE35EE8B04,,0,Random C2:AE:A8:86:88:E1,,2001-02-10 05:26:22,0,0,,
61CF2C66-E133-D9F5-353B-205EB07D3286,,0,Random DE:FB:3B:D1:F4:F3,,2001-02-10 05:26:08,0,0,,
718A6AC5-6196-350B-C16C-241F87380CFF,,0,Random F4:57:29:F6:FD:5C,,2001-02-10 05:26:41,0,0,,
72C96C5F-08C5-C235-56A7-FD05658D0184,,0,Random F5:6C:08:1D:BB:40,,2001-02-10 05:25:59,0,0,,
77023597-302C-C9DB-6AE0-F1EDE8EC6625,,0,Random CB:8E:B1:A7:99:FE,,2001-02-10 05:26:01,0,0,,
8CD33549-4439-395A-1F53-B9E0FE6F2F71,,0,Random C9:A5:2C:07:9B:B1,,2001-02-10 05:26:26,0,0,,
8FE16101-FDD9-A0DB-B08A-2F150660C82D,,0,Random EA:E4:99:DC:E0:07,,2001-02-10 05:26:20,0,0,,
92791F1F-C307-0437-4CF2-D9A1975252BD,,0,Random D7:D9:40:B8:08:F2,,2001-02-10 05:25:56,0,0,,
95089DD8-4240-C50E-9937-DEB873ED7626,,0,Random C4:69:06:D2:0C:00,,2001-02-10 05:26:03,0,0,,
951936E3-0717-C503-EB76-AA4CBC25A899,,0,Random F0:12:2F:2E:3C:4D,,2001-02-10 05:26:12,0,0,,
993033AD-4AD9-7940-5FCE-83543F0D9A26,,0,Random C3:4F:9C:6B:C4:32,,2001-02-10 05:26:10,0,0,,
9C1C9A7D-DD6C-49F1-C6C7-4BDCD4DB19D0,,0,Random E4:40:65:E9:8F:89,,2001-02-10 05:26:11,0,0,,
9E7150B7-CBED-7459-0234-AFE91C65EE80,,0,Public 18:EE:69:28:53:2B,,2001-02-10 05:31:06,0,0,,
A0AFE300-B25A-389F-CF69-C029443D2E48,,0,Random ED:A0:D8:0C:60:20,,2001-02-10 05:26:37,0,0,,
A8B41768-B2F5-1945-9505-878D65ECBD38,,0,Random CE:EA:18:DD:01:AA,,2001-02-10 05:26:15,0,0,,
BFD247FF-56F3-1849-7DDB-357CD9E56E87,,0,Random C7:A7:6B:2D:ED:09,,2001-02-10 05:26:06,0,0,,
BFD69739-67FA-886B-F974-44359347474A,,0,Random EC:D0:6A:CE:7F:57,,2001-02-10 05:26:18,0,0,,
C18C4C54-7A30-1A77-E77D-3B843D916694,,0,Random F4:89:C2:12:6D:39,,2001-02-10 05:25:57,0,0,,
C3A775AD-FD24-F09C-DA05-0D4F1006A812,,0,Random E2:6B:87:4A:0D:B6,,2001-02-10 05:26:24,0,0,,
C8AAE91C-F30D-6857-886D-E97590DDD83E,,0,Random E6:58:E6:94:1D:A2,,2001-02-10 05:26:28,0,0,,
CA83B2B9-722A-0687-E4EC-2EC2508B43DE,,0,Random FA:BD:C3:71:4C:CF,,2001-02-10 05:26:05,0,0,,
D7EFAF31-298A-0069-C3B5-D61B3E53177D,,0,Random FC:C4:87:2C:C1:57,,2001-02-10 05:26:19,0,0,,
DDDD4E13-55CC-A571-61B5-24522E70B508,,0,Random D5:EC:A9:E3:3D:64,,2001-02-10 05:26:34,0,0,,
ED045948-1C6A-F74B-E6EB-C6E83181B6BA,,0,Random C5:01:B3:90:C8:8F,,2001-02-10 05:26:17,0,0,,
EE19195E-170D-6002-1DE3-CA6278F09B14,,0,Random F0:9C:8D:53:85:3E,,2001-02-10 05:26:00,0,0,,
EF2BFACE-0680-517F-9641-DECAD484B76E,,0,Random D8:5F:0F:9A:0E:62,,2001-02-10 05:26:45,0,0,,
FCB73F42-00EC-BAD7-9240-89A51F695AB4,,0,Random EE:78:3B:70:EC:DD,,2001-02-10 05:26:29,0,0,,
45978383-4139-51E0-394B-403EAF2C31CD,,0,Random D9:3D:11:7F:2B:54,,2001-02-10 05:26:47,0,0,,
D0650DAB-8AAB-7F62-3AA2-3139EF85FE37,,0,Random E0:7E:2D:DF:3C:AA,,2001-02-10 05:26:46,0,0,,
0D21CC0F-9178-C751-A53A-088C3BD1D188,,0,Random E1:C9:42:89:D4:3A,,2001-02-10 05:26:48,0,0,,
02622592-FC22-05C4-45FC-B800266A0185,,0,Random DE:E7:84:85:F4:24,,2001-02-10 05:26:50,0,0,,
8828EF30-1CEC-6D62-A365-923C4461AE97,,0,Random D3:A2:7F:F1:1C:0C,,2001-02-10 05:26:49,0,0,,
916BC3EC-BF76-B832-3F85-ED53CC41D069,,0,Random C9:5D:C2:60:56:17,,2001-02-10 05:26:53,0,0,,
