id,type,level,identifier,title,modification_timestamp,item_count
1,1,200,Q2748435,Herri Batasuna,2021-06-18 11:32:37.099479,5
2,1,200,Q58051219,PortAventura Park,2021-06-20 23:19:24.360746,0
3,1,200,Q39315,Shiba Inu,2021-06-24 11:48:47.568675,9
4,1,200,Q15613810,Doge,2021-06-21 17:23:22.141696,0
5,1,200,Q762330,Banco Sabadell,2023-02-09 09:54:47.718875,14
6,1,200,Q44504,Inditex,2022-08-05 12:36:01.539377,4
7,1,200,Q116887,Escote,2022-08-25 09:24:40.037054,13
9,1,200,Q13521,Sant Feliu de Guíxols,2022-08-21 13:22:10.664738,50
10,1,200,Q13006,Tosa de Mar,2021-06-23 13:34:55.898412,0
11,1,200,Q731289,Josep Irla,2021-06-24 18:08:04.471597,12
12,1,200,Q2703264,Malpaso Productions,2021-06-23 16:22:15.100796,3
13,1,200,Q12258,Sabadell,2023-02-14 15:49:52.617378,15
14,1,200,Q2542775,Cataluña en Miniatura,2021-09-30 17:56:03.229419,3
15,1,200,Q2555566,Juan Bautista Maíno,2021-06-24 18:03:57.132358,2
16,1,200,Q12590,Malgrat de Mar,2021-06-24 18:03:23.001625,0
17,1,200,Q12596,Tordera,2021-06-24 18:03:28.150610,0
18,1,200,Q382641,Fimosis,2021-06-26 15:43:48.999281,2
19,1,200,Q1772935,Frenillo del pene,2021-06-26 15:43:47.781590,0
20,1,200,Q38686,Golden retriever,2021-06-28 18:29:34.467976,5
21,1,200,Q24905,Verbo,2021-09-08 13:20:52.453207,4
22,1,200,Q555097,Accesibilidad,2022-07-24 01:39:00.618850,1
23,1,200,Q642046,Calahorra,2021-06-29 12:29:04.258692,0
24,1,200,Q56641686,Controversia de las vacunas,2021-07-01 09:47:10.011419,1
25,1,200,Q1065241,Pollo frito,2021-07-05 10:46:07.449426,3
26,1,200,Q133948,Antioxidante,2023-02-05 10:49:24.931137,2
27,1,200,Q180204,Champú,2022-07-26 22:29:05.998875,26
28,1,200,Q1056607,Acondicionador,2021-07-03 15:19:25.172788,2
29,1,200,Q13189,Prunus persica,2021-07-05 10:46:15.359725,1
30,1,200,Q4774679,Jamón ibérico,2021-07-05 10:48:08.085931,2
31,1,200,Q609276,Graduación de dificultad,2021-07-06 10:57:30.494213,2
32,1,200,Q744027,Gastronomía de Grecia,2022-08-13 13:59:08.335648,4
33,1,200,Q13400960,Carne picada,2021-07-05 23:40:58.610062,5
34,1,200,Q12750,Josep Puig i Cadafalch,2022-03-23 18:46:56.427739,5
35,1,200,Q673412,Seo de Urgel,2021-09-30 23:32:34.621393,2
36,1,200,Q18010990,Apple Pay,2021-07-06 13:35:10.092164,0
37,1,200,Q48493,iOS,2022-07-21 00:06:39.085777,6
38,1,200,Q312,Apple,2021-10-26 23:37:28.044268,3
39,1,200,Q283469,iCloud,2021-10-27 09:36:23.452236,2
40,1,200,Q9158,Correo electrónico,2023-01-29 14:59:45.913883,5
41,1,200,Q570871,Cliente de correo electrónico,2023-01-31 09:04:10.755904,13
42,1,200,Q4759469,Desarrollo de programas para Android,2021-07-06 21:42:59.134305,3
43,1,200,Q17517,Teléfono móvil,2021-07-06 21:46:03.949664,2
44,1,200,Q9334,Gmail,2022-09-05 10:47:25.443882,2
45,1,200,Q230110,Tarjeta SIM,2021-07-06 21:41:57.227358,0
46,1,200,Q2766,iPhone,2021-07-06 21:42:26.262868,1
47,1,200,Q845424,Peñíscola,2021-07-07 20:04:01.073593,0
48,1,200,Q2807,Madrid,2022-08-16 18:44:18.731405,2
49,1,200,Q433671,Renfe AVE,2022-08-04 00:29:23.132617,6
50,1,200,Q13822229,Monster Hunter,2021-07-07 20:17:12.342104,0
51,1,200,Q1122701,Montjuic,2022-01-27 14:10:07.438919,2
52,1,200,Q8488,Juegos Olímpicos de verano,2021-07-07 21:53:32.491428,1
53,1,200,Q900189,Vacuna contra el virus del papiloma humano,2021-07-19 12:32:21.620336,2
54,1,200,Q40415,Impresionismo,2021-07-09 21:06:55.404093,0
55,1,200,Q1129439,Graduation,2021-07-09 21:07:05.818407,1
56,1,200,Q11401,Hip hop,2021-07-09 21:08:25.342479,0
57,1,200,Q753679,Gangsta rap,2021-07-09 21:10:32.778616,1
58,1,200,Q153607,The Marshall Mathers LP,2021-07-09 21:10:35.774784,0
59,1,200,Q384181,Freestyle rap,2022-06-23 23:42:00.951366,4
60,1,200,Q2367101,Cabello castaño,2021-12-14 12:14:20.785380,12
61,1,200,Q202466,Rubio,2022-02-12 22:17:56.359158,5
62,1,200,Q12078,Cáncer,2021-07-11 00:36:55.430058,0
63,1,200,Q1795024,Signo zodiacal,2022-05-31 14:42:16.474974,2
64,1,200,Q40540,Zodiaco,2022-05-31 20:53:18.876268,9
65,1,200,Q752816,Ascendente,2022-05-31 14:40:09.018876,0
66,1,200,Q17154,Barrio Gótico de Barcelona,2022-03-27 16:32:29.713406,0
67,1,200,Q822881,Plaza de Cataluña,2021-08-19 14:00:34.871754,2
68,1,200,Q1144883,Flequillo,2022-03-14 10:11:17.309578,10
69,1,200,Q39222,Rabia,2021-07-12 18:12:27.577142,1
70,1,200,Q1553609,Parvovirosis canina,2021-08-22 20:35:58.373973,1
71,1,200,Q37710,Border collie,2021-11-02 20:57:21.128237,8
72,1,200,Q33741,Rayo,2021-07-12 23:35:07.249414,3
73,1,200,Q12684,Moda,2021-09-29 11:02:53.116028,0
74,1,200,Q38084,Braco alemán de pelo corto,2021-07-12 23:36:51.701620,1
75,1,200,Q1025113,Cadena SER,2021-07-15 09:57:31.709662,1
76,1,200,Q290805,Coronavirus,2022-02-16 22:33:25.507534,12
77,1,200,Q833918,"¡Feliz Navidad, Charlie Manson!",2022-01-19 00:26:48.557574,1
78,1,200,Q3042973,Estat Català,2021-07-15 21:54:23.568109,1
79,1,200,Q39908,Pantalón,2022-03-22 09:20:02.059767,3
80,1,200,Q1381731,Equipamiento de los futbolistas,2022-08-29 10:57:11.719419,15
81,1,200,Q3895,Adidas,2022-07-04 16:22:31.018616,13
82,1,200,Q232812,Stella McCartney,2021-07-16 20:11:04.866296,0
83,1,200,Q383260,Vacuna contra la gripe,2021-07-19 12:32:21.030756,0
84,1,200,Q144,Canis lupus familiaris,2022-03-26 18:15:56.321870,10
85,1,200,Q519659,Costa del Maresme,2022-07-23 18:36:18.653378,12
86,1,200,Q2313027,Trambesòs,2022-06-08 08:57:30.805330,5
87,1,200,Q181100,Sistema urinario humano,2021-07-19 16:18:21.606324,1
88,1,200,Q40878,Diarrea,2021-11-02 20:54:37.932227,5
89,1,200,Q43183,Seguro,2022-02-25 14:10:30.156803,2
90,1,200,Q726543,Aparato locomotor,2021-07-21 04:40:52.932908,0
91,1,200,Q38751,Bichón maltés,2021-07-21 04:46:40.649579,1
92,1,200,Q198763,Ropa interior,2022-08-20 19:59:32.384963,18
93,1,200,Q223269,Pantalón corto,2022-07-28 14:18:30.123304,6
94,1,200,Q1155133,Email marketing,2022-08-11 00:19:11.498506,2
95,1,200,Q903839,Renault Captur,2021-07-23 10:59:45.415912,0
96,1,200,Q379785,Pompeu Fabra,2021-07-23 11:02:42.352932,6
97,1,200,Q15430,Mollet del Vallès,2021-12-10 21:09:58.486945,2
98,1,200,Q117484,Caspa,2021-07-23 11:41:02.790403,0
99,1,200,Q184674,Disfunción eréctil,2021-07-24 23:16:00.299683,0
100,1,200,Q319312,Eyaculación precoz,2021-07-24 23:16:10.611657,1
101,1,200,Q12977,Lloret de Mar,2021-09-27 17:14:07.890657,6
102,1,200,Q2554299,Gobierno Vasco,2021-07-25 00:10:19.241436,0
103,1,200,Q653,Chihuahua,2022-09-12 21:40:48.570399,2
104,1,200,Q220591,Hannah Montana: la película,2021-07-27 23:08:58.051710,1
105,1,200,Q1429003,Museo Nacional del Bardo,2021-07-27 23:10:52.368224,1
106,1,200,Q5823,Ceuta,2022-07-28 14:14:52.474792,54
107,1,200,Q808932,Accesibilidad web,2022-08-05 12:32:16.441187,4
108,1,200,Q9103,Mama,2022-07-24 00:44:00.747345,3
109,1,200,Q7553,Traducción,2021-11-10 21:44:41.142748,5
110,1,200,Q1327077,Motocicleta eléctrica,2021-07-29 13:42:05.712644,1
111,1,200,Q15433,Montornés del Vallés,2021-07-31 16:36:58.933482,2
112,1,200,Q11722177,Perro de guerra,2022-08-21 01:46:45.943844,4
113,1,200,Q557201,Tienda ancla,2021-07-31 16:34:22.882776,0
114,1,200,Q4040,Aragón,2021-07-31 23:53:58.971776,2
115,1,200,Q893331,Independentismo catalán,2021-08-01 00:02:55.705956,6
116,1,200,Q1205293,Mario Party 4,2021-09-13 13:30:29.618335,2
117,1,200,Q1366855,Ctenocephalides canis,2022-03-26 21:13:44.463270,23
118,1,200,Q5867471,Historia del sostén,2022-08-10 19:01:23.408914,25
119,1,200,Q931529,Pantalón de tiro bajo,2022-08-05 12:35:51.408104,1
120,1,200,Q2160801,Falda,2021-08-02 18:57:24.474356,0
121,1,200,Q931,Naruto Uzumaki,2021-08-02 19:00:06.394420,3
122,1,200,Q791045,Avenida Diagonal,2022-08-04 00:30:03.509155,2
123,1,200,Q13467,Castillo de Aro,2022-08-28 09:58:38.201692,37
124,1,200,Q220964,Tapa,2021-08-09 12:58:54.218839,0
125,1,200,Q80973,Desayuno,2023-02-14 15:02:53.310924,1
126,1,200,Q3314483,Fruta,2021-11-01 10:10:12.686706,5
127,1,200,Q81602,Cucumis melo,2021-08-10 10:07:51.124440,0
128,1,200,Q851020,Jávea,2022-04-30 14:37:20.151097,1
129,1,200,Q12857502,Mondelēz International,2021-08-10 16:51:24.253639,0
130,1,200,Q155922,Queso parmesano,2022-03-25 21:20:57.459334,4
131,1,200,Q38796,Terrier tibetano,2021-10-19 23:27:23.718164,3
132,1,200,Q8818,Valencia,2021-08-13 20:47:30.449110,1
133,1,200,Q3392265,Jaume Roures,2021-08-13 21:26:28.442692,0
134,1,200,Q340704,Esqueleto,2022-08-05 19:37:37.000098,3
135,1,200,Q13491,Palamós,2022-08-07 00:06:08.639398,8
136,1,200,Q257707,Santa Pola,2022-05-03 21:57:22.509927,8
137,1,200,Q2748844,Cultura de Afganistán,2021-08-17 06:48:01.657197,0
138,1,200,Q273510,Candidiasis,2021-08-17 06:57:04.137869,1
139,1,200,Q310443,Candida albicans,2021-08-17 06:58:43.074084,1
140,1,200,Q38080,Bullmastiff,2021-08-17 11:38:35.254870,1
141,1,200,Q131065,Chlamydia trachomatis,2021-08-18 10:49:32.326638,1
142,1,200,Q12198,Infecciones de transmisión sexual,2021-08-18 10:49:24.431036,1
143,1,200,Q6663,Hamburguesa,2021-11-21 21:08:31.895748,6
144,1,200,Q46383,Sushi,2022-03-13 20:44:46.440122,7
145,1,200,Q319730,Abertis,2021-08-22 11:37:29.053213,3
146,1,200,Q487837,Coccidiosis,2021-08-22 16:00:28.114143,0
147,1,200,Q29359,Tex-Mex,2021-11-18 01:09:21.103799,10
148,1,200,Q160826,Selección de fútbol de Suecia,2021-08-23 12:53:24.479594,4
149,1,200,Q1383669,Exelon Corporation,2021-08-25 21:06:57.657765,0
150,1,200,Q9266,Ensalada,2021-11-26 21:41:25.871495,2
151,1,200,Q1233553,Cazadora,2022-08-05 12:32:26.045063,7
152,1,200,Q2669087,Tourisme au Portugal,2021-08-30 23:02:38.990068,1
153,1,200,Q626608,Seguro de vida,2021-12-16 14:48:34.670375,1
154,1,200,Q3930275,Cashmere Cat,2021-08-30 11:55:21.929528,2
155,1,200,Q3144926,Hematoma subdural,2021-08-30 23:02:31.852820,5
156,1,200,Q2861470,Medicina de emergencia,2021-08-30 23:01:25.921336,0
157,1,200,Q261215,Historia de la psicología,2021-08-30 23:46:01.913339,0
158,1,200,Q28472,Pelo,2023-02-06 16:44:47.624520,22
159,1,200,Q14624,Garam masala,2021-09-02 14:11:30.740716,0
160,1,200,Q162935,Concierto para piano n.º 1,2021-09-02 14:12:19.684121,1
161,1,200,Q356762,Miguel Bosé,2021-09-05 15:00:56.431196,3
162,1,200,Q662789,Salou,2023-02-17 14:57:53.097099,6
163,1,200,Q1441255,Catedral de Oporto,2021-09-05 15:09:15.940320,1
164,1,200,Q43414,Abuso sexual,2021-09-05 18:54:25.376797,0
165,1,200,Q3326248,Teresa Claramunt,2021-09-06 12:06:17.068335,0
166,1,200,Q13922,Sardañola del Vallés,2022-09-11 10:51:25.744109,3
167,1,200,Q3110900,Traductores Sin Fronteras,2021-09-08 20:52:16.624142,3
168,1,200,Q283233,WeChat,2022-01-06 23:46:42.739847,5
169,1,200,Q1081102,Panel de control,2022-08-08 00:14:27.146706,13
170,1,200,Q609524,Tuenti,2021-09-09 23:00:46.817747,2
171,1,200,Q15326,Alcoholismo,2021-09-10 12:22:23.708715,0
172,1,200,Q738621,Teléfono fijo,2021-09-10 12:26:40.464685,0
173,1,200,Q22980233,Casco de realidad virtual,2021-09-10 12:30:01.246557,0
174,1,200,Q1316209,Comida callejera,2022-07-09 19:07:52.845496,1
175,1,200,Q373160,Celeste,2021-09-12 23:03:13.804679,0
176,1,200,Q11934,Mickey Mouse,2021-09-12 23:50:40.521975,1
177,1,200,Q36092,Lilo & Stitch,2021-09-12 23:51:50.088284,1
178,1,200,Q26218295,Lego Friends,2021-09-12 23:55:39.141749,1
179,1,200,Q622435,Looney Tunes,2022-07-28 13:52:55.973710,1
180,1,200,Q38945,Perro mestizo,2022-08-09 03:48:57.921233,8
181,1,200,Q272830,Músculo esternocleidomastoideo,2021-09-14 00:29:51.198477,1
182,1,200,Q42586,Articulación del codo,2021-09-14 12:18:31.088210,2
183,1,200,Q13499,Tarjeta de débito,2022-08-29 13:22:18.398893,3
184,1,200,Q167844,Conjuntivitis,2021-09-17 11:16:31.236963,2
185,1,200,Q690437,Francesc de Borja Moll,2021-09-17 11:38:38.517379,1
186,1,200,Q7026,Idioma catalán,2021-09-18 15:52:28.310322,2
187,1,200,Q1492,Barcelona,2022-04-29 20:30:40.249240,8
188,1,200,Q800447,Estación de Plaza de Cataluña,2022-08-30 08:02:35.672912,16
189,1,200,Q635484,Armani,2021-09-19 23:26:24.945400,12
190,1,200,Q54078,IKEA,2022-09-05 10:47:28.587759,3
191,1,200,Q42546,Chausie,2021-09-20 09:26:26.496545,4
192,1,200,Q15218776,Cirugía ortopédica,2021-09-20 09:27:25.291186,2
193,1,200,Q38706,Terranova,2021-09-20 09:29:05.631575,0
194,1,200,Q1755746,Sentadilla,2022-06-13 23:06:27.184506,10
195,1,200,Q176503,Fémur,2021-09-20 15:39:09.447492,1
196,1,200,Q28792725,Articulación de la cadera,2021-09-20 15:40:36.578243,1
197,1,200,Q28567,Cultura maya,2021-09-21 09:51:27.576286,1
198,1,200,Q406655,AirDrop,2021-09-21 13:00:12.796609,1
199,1,200,Q741713,Trastorno de pánico,2021-09-22 00:20:19.202005,1
200,1,200,Q196002,Músculos isquiotibiales,2022-06-13 23:06:15.496497,3
201,1,200,Q1425378,Entrenamiento con pesas,2022-07-19 21:43:48.863606,3
202,1,200,Q2459901,Pienso compuesto,2021-11-22 13:25:14.883289,2
203,1,200,Q826031,Carne de perro,2021-09-22 23:16:53.490873,3
204,1,200,Q808102,Dieta BARF,2022-05-16 16:23:54.834136,1
205,1,200,Q715187,Leche de arroz,2021-09-22 21:59:35.411489,0
206,1,200,Q534191,Idiomas de España,2021-09-23 23:23:33.147940,2
207,1,200,Q538146,Paz Padilla,2021-12-30 09:37:54.547011,10
208,1,200,Q962340,Cuatro,2021-09-24 23:12:58.914812,1
209,1,200,Q179415,Masaje,2021-09-26 00:06:11.905741,0
210,1,200,Q940999,Pan integral,2021-09-26 01:02:19.666573,1
211,1,200,Q15400,Caldas de Montbui,2021-09-26 09:13:48.824208,5
212,1,200,Q15428,Llissá de Vall,2021-09-26 09:12:43.541574,2
213,1,200,Q52090,Burguesía,2021-09-26 12:54:52.157659,2
214,1,200,Q995637,Torredembarra,2021-09-27 17:13:51.506324,0
215,1,200,Q2895223,Belén Esteban,2021-10-27 21:59:14.703081,1
216,1,200,Q922931,Natalia Sánchez,2021-09-28 13:00:36.915589,0
217,1,200,Q1344886,Nómina,2021-09-28 14:04:14.557854,0
218,1,200,Q13933,Ripollet,2022-05-23 15:29:29.373406,9
219,1,200,Q1147977,Torre de Collserola,2022-04-29 20:29:23.320279,0
220,1,200,Q275715,Estadio Olímpico Lluís Companys,2021-10-01 08:45:12.716554,0
221,1,200,Q188728,Privacidad,2021-12-14 12:59:46.439007,7
222,1,200,Q182940,Postre,2021-11-10 14:23:27.209583,1
223,1,200,Q192105,Inconsciente,2021-10-04 13:32:42.651076,0
224,1,200,Q9215,Sigmund Freud,2021-10-04 13:32:47.429440,0
225,1,200,Q80267,Aula invertida,2021-10-04 22:22:01.558843,0
226,1,200,Q499962,Coursera,2021-10-04 22:22:25.120724,0
227,1,200,Q14090,Bikini,2021-10-04 22:38:47.919007,6
228,1,200,Q5362345,Reloj inteligente,2022-04-26 22:40:43.414189,12
229,1,200,Q8005,Josep Tarradellas,2021-10-18 09:25:05.704583,3
230,1,200,Q1813126,Corín Tellado,2022-07-30 00:31:20.452478,7
231,1,200,Q190135,La sirenita,2022-09-15 09:19:33.776495,3
232,1,200,Q1520796,Gastronomía de Filipinas,2021-10-07 20:04:29.754762,1
233,1,200,Q3130,Sídney,2021-10-09 18:52:47.553489,2
234,1,200,Q1573545,Isla Hamilton,2021-10-09 18:53:46.081270,2
235,1,200,Q279980,Kata Tjuṯa,2021-10-09 18:54:18.880058,1
236,1,200,Q36074,Queensland,2021-10-09 18:54:29.815546,0
237,1,200,Q1024734,Surfers Paradise,2021-10-09 18:56:36.560457,0
238,1,200,Q190915,Aerolínea de bajo costo,2022-02-19 15:06:09.470708,3
239,1,200,Q610838,Son Servera,2021-10-09 19:31:36.206161,1
240,1,200,Q2570435,Estadio Aimé Giral,2021-10-10 19:47:40.691627,4
241,1,200,Q47228,Kama-sutra,2021-10-10 15:25:05.190154,5
242,1,200,Q8398,Sexo anal,2022-08-08 00:09:28.294941,7
243,1,200,Q1940315,F-Zero GX,2021-10-10 15:20:51.550114,0
244,1,200,Q5873,Relación sexual,2021-10-10 15:25:05.880783,4
245,1,200,Q154136,Sexualidad humana,2021-10-10 15:24:51.748026,1
246,1,200,Q15551,Sitges,2022-08-23 20:19:22.059429,0
247,1,200,Q277633,Generación Y,2021-10-12 21:33:32.733236,5
248,1,200,Q2378358,Boing,2021-10-12 23:06:12.193754,2
249,1,200,Q851544,Thymus zygis,2021-10-14 20:28:39.472347,0
250,1,200,Q581285,César Manrique,2021-10-15 19:56:00.579261,4
251,1,200,Q13936,San Cugat del Vallés,2023-02-08 08:15:09.845214,15
252,1,200,Q159304,Turrón,2021-10-15 19:56:15.158091,0
253,1,200,Q491667,San Vicente del Raspeig,2021-10-17 20:57:08.566497,1
254,1,200,Q13948,Vallés Occidental,2022-03-27 04:42:46.980611,23
255,1,200,Q12600,El Maresme,2021-10-15 19:57:15.481363,0
256,1,200,Q828572,Cambrils,2021-10-15 19:58:19.647150,3
257,1,200,Q14515874,Chevrolet Spark,2021-10-17 21:35:56.956263,0
258,1,200,Q1048314,Color del pelo,2021-10-17 21:35:59.371600,0
259,1,200,Q838966,Síndrome del intestino irritable,2021-10-17 22:26:05.456379,1
260,1,200,Q1500347,Microbiota normal,2022-01-21 19:41:56.605863,0
261,1,200,Q81978,Provincia de Cádiz,2021-10-19 23:42:05.977525,10
262,1,200,Q12793,Osona,2021-10-31 10:05:53.046596,3
263,1,200,Q31551,Río Fluviá,2021-10-19 23:18:00.812823,2
264,1,200,Q5813,Canarias,2021-10-19 23:30:08.940332,0
265,1,200,Q180402,Parque nacional de Yosemite,2021-10-19 23:30:22.045133,0
266,1,200,Q15368,Cuenca de Barberá,2021-10-19 23:42:01.972711,2
267,1,200,Q15682,Cádiz,2021-10-19 23:40:13.814180,3
268,1,200,Q14328,Santa Cruz de Tenerife,2022-05-13 22:01:36.925386,0
269,1,200,Q165374,Fútbol en España,2021-10-19 23:41:07.990922,0
270,1,200,Q214724,Raquetas de nieve,2021-10-20 21:20:33.016234,3
271,1,200,Q741610,Parque nacional de Ordesa y Monte Perdido,2021-10-19 23:49:49.677658,0
272,1,200,Q1470066,Parque nacional de Aiguas Tortas y Lago de San Mauricio,2021-10-21 10:19:10.810977,5
273,1,200,Q55187,Peluquero,2022-07-16 14:29:02.740294,26
274,1,200,Q2746220,Crowne Plaza,2021-10-20 08:29:03.242133,0
275,1,200,Q189474,Queratina,2021-10-31 08:31:00.549496,6
276,1,200,Q1443621,Patinaje artístico sobre ruedas,2023-02-05 14:10:59.926642,3
277,1,200,Q36008,Mercedes-Benz,2021-10-20 21:10:12.478146,3
278,1,200,Q225515,Cangas de Onís,2021-10-20 21:14:01.816170,1
279,1,200,Q24272,Ordino,2021-10-20 21:15:12.214287,7
280,1,200,Q509349,Decathlon,2022-08-23 19:43:10.404268,5
281,1,200,Q61465,Gimnasia rítmica,2021-11-22 18:41:37.548980,17
282,1,200,Q926191,Danza sobre hielo,2022-08-22 18:46:43.302685,7
283,1,200,Q319344,Abercrombie & Fitch,2021-10-22 11:59:07.940080,3
284,1,200,Q2638120,Mediaset España Comunicación,2021-12-08 22:51:11.547720,0
285,1,200,Q107198,Barbero,2021-10-22 20:26:23.694795,1
286,1,200,Q625145,Depilación,2021-10-23 07:39:05.305867,0
287,1,200,Q186228,Salario mínimo,2022-03-23 09:26:02.373594,5
288,1,200,Q29137,Delito informático,2021-10-26 12:17:32.345526,1
289,1,200,Q171495,Colchón,2021-12-13 18:46:16.059733,3
290,1,200,Q920890,Sistema operativo móvil,2021-10-27 13:47:48.111978,2
291,1,200,Q515819,Encender una hoguera,2021-10-27 13:48:48.589580,0
292,1,200,Q42804,Barba,2021-10-27 13:49:37.546800,0
293,1,200,Q93165,Aceite de oliva,2021-10-27 13:49:57.110274,0
294,1,200,Q35986,Estética,2022-03-21 16:18:26.510549,3
295,1,200,Q470863,Empleabilidad,2021-10-29 08:03:10.229619,0
296,1,200,Q864,Pokémon,2021-12-09 21:56:00.999366,5
297,1,200,Q239937,Pokémon,2021-10-30 13:52:07.759241,0
298,1,200,Q30535,Falco peregrinus,2021-10-31 23:49:12.803744,0
299,1,200,Q4779594,Ada Colau,2021-11-01 10:10:08.753645,3
300,1,200,Q3072083,Trastorno de la memoria,2021-11-01 00:32:25.818928,0
301,1,200,Q243,Torre Eiffel,2021-11-01 00:43:09.905384,0
302,1,200,Q4897444,Los Sims,2021-11-01 19:03:39.837011,0
303,1,200,Q174747,Repsol,2021-12-10 20:34:49.502827,0
304,1,200,Q57055,Paracetamol,2021-11-02 20:54:43.166635,1
305,1,200,Q2572879,Intoxicación por paracetamol,2021-11-02 20:55:14.836484,0
306,1,200,Q181138,Veganismo,2022-08-05 20:27:40.469882,3
307,1,200,Q2857081,Antoni Badia i Margarit,2021-11-03 23:28:45.198242,0
308,1,200,Q1810071,Prueba A/B,2021-11-03 23:33:07.434593,1
309,1,200,Q1432594,Vino de España,2021-11-03 23:34:58.595990,0
310,1,200,Q605401,Condé Nast Publications,2022-09-09 00:04:13.733108,10
311,1,200,Q64124,Distrito del Ensanche,2021-11-09 14:33:46.299877,1
312,1,200,Q6745815,Olga Xirinacs,2021-12-02 10:35:37.278203,5
313,1,200,Q599118,Palacio de la Generalidad de Cataluña,2021-11-05 12:39:33.336776,0
314,1,200,Q11660,Inteligencia artificial,2021-11-05 12:49:26.546476,0
315,1,200,Q219136,Outlook,2021-11-05 12:53:22.151839,1
316,1,200,Q186894,Windows Mail Desktop,2021-11-05 12:53:30.196715,1
317,1,200,Q209691,AVG AntiVirus,2021-11-05 12:53:42.228970,0
318,1,200,Q1340975,The River,2021-11-06 14:19:50.010594,2
319,1,200,Q1195276,Pastel de cumpleaños,2021-11-06 19:31:38.910760,1
320,1,200,Q207832,Cruasán,2021-11-06 19:34:26.389148,2
321,1,200,Q745361,Relleno,2021-11-06 19:34:27.948763,0
322,1,200,Q1854639,Dumpling,2022-08-20 19:52:57.137158,11
323,1,200,Q500445,Pizza napolitana,2021-11-08 14:59:43.091273,4
324,1,200,Q3087626,Fricandó,2021-11-08 14:59:50.489396,1
325,1,200,Q1229681,Viñols y Archs,2021-11-09 14:33:17.740222,0
326,1,200,Q1900740,Odén,2021-11-09 18:16:25.517021,1
327,1,200,Q953515,Plumón,2021-11-10 10:38:40.444466,4
328,1,200,Q1051699,Cava,2021-11-10 10:38:59.064919,0
329,1,200,Q41150,Camino de Santiago,2021-11-10 10:52:33.320809,2
330,1,200,Q10965,Ebro,2021-11-10 10:52:51.589256,0
331,1,200,Q42177,Cama,2022-09-05 10:50:20.122181,4
332,1,200,Q508754,Vilaseca,2021-11-11 11:51:28.344438,5
333,1,200,Q250523,Puente del Diablo,2021-11-11 11:51:56.827116,1
334,1,200,Q720254,Asado,2022-08-13 13:53:11.515720,1
335,1,200,Q192786,Gastronomía de Italia,2021-11-11 14:31:11.077434,5
336,1,200,Q240801,Ensalada griega,2021-11-11 14:27:51.952277,3
337,1,200,Q11034548,Cupón,2022-07-21 22:50:50.172108,35
338,1,200,Q13934,Rubí,2022-04-23 22:51:49.708784,4
339,1,200,Q18698690,Microsoft Edge,2021-11-16 11:53:02.576810,0
340,1,200,Q807818,La barbería,2021-12-20 10:31:13.063661,7
341,1,200,Q223714,Consonante lateral,2021-11-17 14:28:42.635528,0
342,1,200,Q281928,Trastorno de ansiedad social,2021-11-18 01:07:27.420840,3
343,1,200,Q178190,Trastorno obsesivo-compulsivo,2022-01-16 10:34:31.074298,10
344,1,200,Q3872,Neuropsicología,2021-11-18 01:05:44.316088,0
345,1,200,Q192692,Pesadilla,2021-11-18 01:08:14.624109,1
346,1,200,Q466183,Reebok,2022-08-29 10:57:31.568362,7
347,1,200,Q191655,Taco,2022-04-22 21:17:42.147736,7
348,1,200,Q181055,Perrito caliente,2021-11-21 21:07:52.930255,2
349,1,200,Q876096,Enchilada,2021-11-21 21:08:21.407875,2
350,1,200,Q1404773,Pueblo Nuevo,2022-07-30 08:31:52.335389,2
351,1,200,Q452421,Negociación colectiva,2022-09-04 20:14:24.230280,31
352,1,200,Q659636,Chocolate con churros,2021-11-25 23:19:01.294304,0
353,1,200,Q814722,Participio,2021-11-27 00:31:17.234701,2
354,1,200,Q151296,Negacionismo del Holocausto,2021-11-29 23:32:02.334227,2
355,1,200,Q1049525,Costa Turquesa,2021-11-30 12:49:08.196039,0
356,1,200,Q153694,Michael Bublé,2021-11-30 12:49:29.523500,0
357,1,200,Q133823,Migraña,2021-11-30 19:41:00.169093,3
358,1,200,Q886470,Control de alcoholemia,2021-12-06 11:14:42.976580,3
359,1,200,Q20882,Gustave Eiffel,2021-12-06 11:15:31.894033,0
360,1,200,Q850593,La Rambla,2021-12-08 12:53:59.594176,0
361,1,200,Q2931789,CNN+,2021-12-09 16:00:57.230662,2
362,1,200,Q26388,Fase lunar,2021-12-10 13:03:20.166780,1
363,1,200,Q213062,Filete,2021-12-12 21:11:32.225442,7
364,1,200,Q213660,LinkedIn,2021-12-10 20:24:45.414816,0
365,1,200,Q62458,Gastronomía de Israel,2023-02-14 14:21:11.099394,3
366,1,200,Q608276,Unreal Engine,2021-12-13 18:43:39.698468,0
367,1,200,Q129337,TGV,2021-12-13 18:44:20.385997,1
369,1,200,Q228,Andorra,2021-12-13 18:50:17.477377,1
370,1,200,Q24269,Encamp,2021-12-13 18:51:31.362138,1
371,1,200,Q11955,Club Deportivo Guadalajara,2021-12-13 22:16:12.416717,0
372,1,200,Q13479984,Zerocoin,2022-08-16 04:07:53.896274,0
373,1,200,Q355,Facebook,2022-05-28 00:36:37.293532,2
374,1,200,Q1849609,Royal Canin,2021-12-15 13:52:35.449388,0
375,1,200,Q79037,Spider-Man,2021-12-16 22:24:18.173558,2
376,1,200,Q319608,Dirección postal,2022-03-08 14:02:03.396826,15
377,1,200,Q131207,Cosmético,2022-08-11 12:22:26.127761,6
378,1,200,Q29099,Dachshund,2021-12-18 03:42:22.630615,0
379,1,200,Q1054785,Cercanías Madrid,2021-12-18 03:42:24.099058,0
380,1,200,Q337231,Ácido hialurónico,2022-04-21 23:09:22.927382,0
381,1,200,Q13929,Matadepera,2023-02-13 22:49:01.075553,5
382,1,200,Q1210827,Matrix,2021-12-19 22:04:21.198097,1
383,1,200,Q207536,The Matrix Revolutions,2021-12-19 22:04:15.963652,0
384,1,200,Q669329,Aritmómetro,2021-12-19 23:19:13.700185,0
385,1,200,Q16735,Santa María de Oló,2021-12-19 23:55:20.370955,0
386,1,200,Q208413,Toxina botulínica,2021-12-19 23:55:25.694946,0
387,1,200,Q800453,Estación de Barcelona Sants,2023-01-28 17:54:34.306412,7
388,1,200,Q237189,Metro de Barcelona,2022-08-30 08:03:01.210026,5
389,1,200,Q47071,Marrón,2021-12-20 10:44:22.343723,1
390,1,200,Q253978,Dirty Dancing,2021-12-22 20:58:34.849481,3
391,1,200,Q223132,Kill Bill,2021-12-22 20:58:41.347215,0
392,1,200,Q2656279,La novia,2021-12-23 13:25:46.282643,1
393,1,200,Q49013,Máquina de coser,2021-12-23 13:48:38.669999,1
394,1,200,Q1194697,Voz pasiva,2021-12-24 20:34:25.379951,1
395,1,200,Q539808,Sujeto objeto verbo,2021-12-24 20:33:07.817316,0
396,1,200,Q622896,Bosques templados de frondosas y mixtos,2021-12-25 19:30:22.065093,0
397,1,200,Q1641029,Kebaya,2021-12-28 16:49:22.421244,0
398,1,200,Q195839,Mardi Gras en Nueva Orleans,2021-12-28 19:21:28.160602,2
399,1,200,Q1898934,Mario Mola,2021-12-28 20:56:45.241078,0
400,1,200,Q857763,Caminito del Rey,2021-12-29 23:59:48.714003,0
401,1,200,Q1423569,Alfa Romeo Giulia,2021-12-30 09:40:04.228044,0
402,1,200,Q3025977,Dialectos del catalán,2022-07-04 14:58:30.507222,0
403,1,200,Q51671,Reyes Magos,2021-12-30 13:40:41.702422,0
404,1,200,Q1485,Lupus eritematoso sistémico,2022-01-02 11:51:37.510464,1
405,1,200,Q187255,Artritis reumatoide,2022-07-24 00:36:36.465043,0
406,1,200,Q16398,Jerez,2022-01-02 17:42:04.398534,0
407,1,200,Q781636,Alpargata,2022-08-08 00:38:35.644001,3
408,1,200,Q660782,Licra,2022-07-28 14:04:11.087730,9
409,1,200,Q1923028,Gerundio,2022-01-02 19:39:24.240719,2
410,1,200,Q181040,Clave,2022-07-05 23:22:49.834621,0
411,1,200,Q13926,Palau-solità i Plegamans,2022-01-02 22:30:07.297842,0
412,1,200,Q1402059,Oración de relativo,2022-01-03 11:21:10.807803,0
413,1,200,Q131026,Filatelia,2022-01-03 13:03:19.095081,0
414,1,200,Q315796,Papá Noel,2022-01-03 13:03:23.944351,0
415,1,200,Q2072840,CrossFit,2022-03-09 09:15:36.866802,2
416,1,200,Q8171,Palabra,2022-01-04 09:15:59.089154,0
417,1,200,Q291046,Rebate,2022-07-21 23:01:50.532098,10
418,1,200,Q29279,Amancio Ortega,2022-09-17 20:06:32.543068,0
419,1,200,Q83363,Pantalón vaquero,2022-09-12 10:46:58.010609,17
420,1,200,Q47572,Gestión forestal sostenible,2022-08-25 09:24:34.868668,1
421,1,200,Q3782468,Hajime Isayama,2022-02-23 14:01:41.835159,3
422,1,200,Q626947,Yaiba,2022-01-10 00:16:34.984375,1
423,1,200,Q47988,Documento de identidad,2022-07-24 13:39:54.862955,0
424,1,200,Q37501,Gafas de sol,2022-09-17 21:04:42.036508,19
425,1,200,Q37093,Yahoo!,2022-01-10 12:28:57.901992,0
426,1,200,Q13935,San Quirico de Tarrasa,2022-01-10 12:31:18.457181,1
427,1,200,Q584252,San Cugat Sasgarrigas,2022-01-10 12:31:54.485530,2
428,1,200,Q13475,Forallac,2022-01-13 23:34:31.334286,3
429,1,200,Q376916,Opel Corsa,2022-04-26 07:55:29.965303,5
430,1,200,Q623133,El Corte Inglés,2022-01-17 16:13:36.528395,0
431,1,200,Q1036094,Hi Hi Puffy AmiYumi,2022-01-17 16:15:42.428795,0
432,1,200,Q147662,Zara,2022-01-17 23:35:04.857202,0
433,1,200,Q182695,Japonés medio temprano,2022-03-03 21:14:42.338975,3
434,1,200,Q1062531,Huevo cocido,2022-01-18 11:42:41.105499,0
435,1,200,Q1068361,Seguro del automóvil,2022-01-20 12:21:27.226778,0
436,1,200,Q620663,Alimentos tabú,2022-01-21 19:41:44.017373,6
437,1,200,Q496654,Click,2022-01-22 15:09:44.037603,3
438,1,200,Q216235,Aceite de coco,2022-01-22 15:43:48.814258,0
439,1,200,Q629029,Seguridad y salud laboral,2022-01-25 09:08:07.254207,0
440,1,200,Q179222,Impuesto sobre la renta,2022-01-25 09:10:57.799841,1
441,1,200,Q1577019,Línea 6 del Metro de Barcelona,2022-01-25 13:45:03.325802,0
442,1,200,Q1778212,Transportes Metropolitanos de Barcelona,2022-01-27 14:09:40.346731,0
443,1,200,Q2476154,Renfe,2022-01-27 14:16:08.907967,3
444,1,200,Q720611,Tranvía de Vitoria,2022-01-27 14:15:48.882750,0
445,1,200,Q2934610,Calçot,2022-01-30 10:05:44.516636,1
446,1,200,Q14539,Jason Sudeikis,2022-01-30 14:34:19.399694,3
447,1,200,Q662703,Hotel para perros,2022-01-30 14:41:58.896074,1
448,1,200,Q15470,Hospitalet de Llobregat,2022-01-30 22:54:26.475536,2
449,1,200,Q866324,Folículo piloso,2023-02-03 07:39:04.031491,7
450,1,200,Q9622,Cuero cabelludo,2023-02-03 07:37:48.938278,2
451,1,200,Q1464672,Cultivo de algas,2022-02-14 08:57:10.453600,1
452,1,200,Q369570,Afeitado,2022-07-20 16:03:53.533465,0
453,1,200,Q170614,Ryanair,2022-02-17 19:39:20.413133,9
454,1,200,Q448931,Renfe Alvia,2022-02-16 22:37:02.174714,2
455,1,200,Q190165,Luang Prabang,2022-02-16 22:45:23.461521,4
456,1,200,Q656993,Aeropuerto de Palma de Mallorca,2022-02-16 22:56:22.813402,0
457,1,200,Q83279,Bob Esponja,2022-02-16 23:00:23.627605,1
458,1,200,Q850298,Capucha,2022-02-16 23:10:50.969653,6
459,1,200,Q3042457,Guerra Platina,2022-02-16 23:12:38.587113,1
460,1,200,Q541434,Matrículas automovilísticas de Italia,2022-02-17 11:04:34.177391,0
461,1,200,Q1019607,Cabo Rojo,2022-02-17 11:51:28.092425,0
462,1,200,Q310467,Bacillus thuringiensis,2022-02-17 11:51:42.594286,1
463,1,200,Q81825,Oruga,2022-02-26 15:44:34.738217,11
464,1,200,Q261025,Thaumetopoea pityocampa,2022-03-07 13:13:19.632973,7
465,1,200,Q212328,Glándula sebácea,2022-02-17 22:12:50.148394,2
466,1,200,Q1545633,Netfilter,2022-02-18 15:27:51.661128,2
467,1,200,Q38076,McDonald's,2022-02-18 15:28:48.609827,1
468,1,200,Q385923,Alcudia,2022-02-19 11:59:07.469951,0
469,1,200,Q876624,Carbonara,2022-02-20 14:25:58.877994,1
470,1,200,Q8070,Tsunami,2022-02-20 15:13:35.787630,0
471,1,200,Q143567,Prótesis dental,2022-07-24 13:40:50.404607,0
472,1,200,Q1790202,Mastopexia,2022-08-18 17:07:58.658630,19
473,1,200,Q128581,Cáncer de mama,2022-02-21 11:41:12.072937,1
474,1,200,Q471906,Criptografía cuántica,2022-02-21 15:17:12.682358,0
475,1,200,Q586025,Shingeki no Kyojin,2022-02-23 14:02:45.502457,1
476,1,200,Q41796,Oración,2022-02-23 20:14:41.773818,2
477,1,200,Q1195020,Eliminación de Gauss-Jordan,2022-02-24 03:26:10.657775,0
478,1,200,Q645494,Pokémon diamante y Pokémon perla,2022-05-31 00:13:18.182611,2
479,1,200,Q213796,Levantamiento de potencia,2022-03-17 08:28:52.349067,4
480,1,200,Q20899,Podcasting,2022-03-02 16:24:58.275996,1
481,1,200,Q215255,Piccadilly Circus,2022-03-04 13:58:44.433539,0
482,1,200,Q25328,Antoni Gaudí,2022-03-06 19:51:22.530805,0
483,1,200,Q135005,Phishing,2022-03-07 13:42:05.038904,1
484,1,200,Q130286,Consultoría de gestión,2022-03-08 13:43:41.890149,0
485,1,200,Q1142410,Aeropuerto de Gerona,2022-03-08 13:52:15.265730,0
486,1,200,Q169940,Deforestación,2022-03-08 14:04:48.717908,3
487,1,200,Q172587,Acero inoxidable,2022-04-20 09:21:36.671050,5
488,1,200,Q178541,Guantes médicos,2022-03-09 09:13:55.822556,1
489,1,200,Q502268,Johnnie Walker,2022-03-13 12:13:15.552581,6
490,1,200,Q212980,Psicólogo,2022-03-13 12:27:45.735327,1
491,1,200,Q199906,Psicología clínica,2022-03-13 12:28:25.795055,5
492,1,200,Q718809,Psicología positiva,2022-03-13 12:22:28.715977,0
493,1,200,Q568384,Mirinda,2022-03-13 21:57:17.301174,0
494,1,200,Q1154380,Microsoft NetMeeting,2022-03-15 14:13:34.596274,1
495,1,200,Q819073,Día hábil y natural,2022-03-16 08:55:00.382782,1
496,1,200,Q800449,Barcelona-Estación de Francia,2022-03-16 08:55:42.688259,0
497,1,200,Q2025087,Barceloneta,2022-03-16 08:56:17.145827,1
498,1,200,Q926562,Dacia Sandero,2022-03-19 23:26:37.665524,5
499,1,200,Q794982,Rhipicephalus sanguineus,2022-03-26 18:22:14.067835,9
500,1,200,Q212989,Traje de baño,2022-06-21 09:02:08.454763,2
501,1,200,Q94912,Rockstar Games,2022-04-25 09:36:37.846050,0
502,1,200,Q39558,Gasolina,2022-03-21 09:47:44.115249,2
503,1,200,Q38423,Diésel,2022-03-21 09:47:46.551920,0
504,1,200,Q747493,Manicura,2022-03-21 16:02:41.097514,1
505,1,200,Q23387,Semana,2022-03-21 16:06:48.248403,5
506,1,200,Q11755,Daphne Koller,2022-09-11 11:00:28.971965,0
507,1,200,Q1187046,Educación en España,2022-03-22 09:35:14.473286,0
508,1,200,Q628967,Derecho laboral,2022-03-23 09:24:33.943043,1
509,1,200,Q13644106,Información sobre la vigilancia global,2022-03-24 07:01:17.984803,0
510,1,200,Q165399,Azitromicina,2022-03-26 17:41:13.490033,0
511,1,200,Q39026,Perro crestado rodesiano,2022-03-26 18:15:54.250214,2
512,1,200,Q1077505,Fiebre hemorrágica de Crimea-Congo,2022-03-26 18:03:03.470426,0
513,1,200,Q649558,Enfermedad de Chagas,2022-03-26 18:08:56.106281,0
514,1,200,Q10304508,Ixodida,2022-03-26 18:13:57.761625,0
515,1,200,Q1891189,Patrimonio Nacional,2022-03-28 16:23:15.248984,0
516,1,200,Q427163,Puerta del Sol,2022-03-28 16:23:20.508650,0
517,1,200,Q3257809,Púrpura,2022-03-30 18:16:33.074085,0
518,1,200,Q646741,Vueling Airlines,2022-03-31 13:01:03.855037,1
519,1,200,Q216486,Continental Airlines,2022-04-03 13:06:10.568338,10
520,1,200,Q27,Irlanda,2022-04-01 21:53:36.425048,1
521,1,200,Q1094423,Ciudad Deportiva Joan Gamper,2022-04-02 17:39:08.070850,0
522,1,200,Q56973,Aeropuerto Josep Tarradellas Barcelona-El Prat,2022-04-03 13:05:50.254035,0
523,1,200,Q1319169,Skyscanner,2022-04-11 22:29:53.937235,0
524,1,200,Q367010,Francisco Sá Carneiro,2022-04-11 22:30:48.929854,2
525,1,200,Q830565,Coche-cama,2022-07-16 15:51:22.993200,1
526,1,200,Q1631458,Muchamiel,2022-04-12 09:54:42.755281,1
527,1,200,Q676191,Vaginitis,2022-04-12 14:36:19.516821,2
528,1,200,Q223807,Esmalte de uñas,2022-06-13 14:18:48.254015,5
529,1,200,Q183951,Globo aerostático,2022-04-15 09:27:07.264778,4
530,1,200,Q83819,Ferrocarriles de la Generalidad de Cataluña,2022-05-11 15:21:05.349247,4
531,1,200,Q23317,Audi,2023-02-15 22:16:54.315352,23
532,1,200,Q1483444,Toyota Corolla Verso,2022-04-15 11:15:05.949982,1
533,1,200,Q1309851,Schibsted,2022-04-15 11:15:15.307851,0
534,1,200,Q29913,Iveco,2022-04-17 14:09:06.757105,10
535,1,200,Q844176,Mercedes-Benz W123,2022-04-15 11:24:24.464710,0
536,1,200,Q1105215,Cocido madrileño,2022-04-15 15:06:45.534936,1
537,1,200,Q1089959,Churrasco,2022-04-15 15:08:25.118840,1
538,1,200,Q13362654,Calamares fritos,2022-04-15 15:08:32.534148,0
539,1,200,Q2142903,Joya,2022-04-15 19:52:51.866571,3
540,1,200,Q782654,Wheeler Dealers,2022-04-17 14:09:44.047279,0
541,1,200,Q152013,General Motors EV1,2022-04-17 15:28:31.939634,1
542,1,200,Q4470,La rueda del tiempo,2022-04-17 15:00:12.004908,0
543,1,200,Q478214,"Tesla, Inc.",2022-04-17 15:24:19.833519,0
544,1,200,Q756741,Furgoneta pequeña PSA,2022-04-17 15:24:34.103971,1
545,1,200,Q21000630,Escándalo de emisiones contaminantes de vehículos Volkswagen,2022-04-17 15:27:55.897972,1
546,1,200,Q193692,Automóvil eléctrico,2022-08-26 12:49:06.051959,7
547,1,200,Q638022,Gastronomía vegetariana,2022-04-18 22:14:25.409927,2
548,1,200,Q782028,Game Freak,2022-08-29 17:07:57.265091,10
549,1,200,Q22954794,Pokémon Sol y Pokémon Luna,2022-04-19 13:55:51.406184,1
550,1,200,Q934853,Motorola Mobility,2022-04-19 21:39:31.040976,1
551,1,200,Q47100,Ben Stiller,2022-04-20 15:12:00.710429,0
552,1,200,Q15621,Esplugas de Llobregat,2022-04-20 19:16:57.619876,0
553,1,200,Q3335182,Estética de uñas,2022-04-20 20:10:36.057060,0
554,1,200,Q67020368,Liar,2022-04-20 20:09:00.997149,0
555,1,200,Q272591,Daddy Yankee,2022-04-22 09:18:02.312585,1
556,1,200,Q506754,Harlem Globetrotters,2022-04-22 09:09:17.932932,1
557,1,200,Q461696,Parrillada,2022-08-20 19:56:30.959985,4
558,1,200,Q15635,San Baudilio de Llobregat,2022-04-25 16:43:50.614772,0
559,1,200,Q182442,Cirugía plástica,2022-08-04 18:42:16.828927,12
560,1,200,Q15641,San Justo Desvern,2022-04-29 20:28:49.474891,1
561,1,200,Q658271,Tibidabo,2022-05-11 15:21:17.825019,5
562,1,200,Q909085,Huso horario estándar de Japón,2022-04-30 14:36:05.648165,0
563,1,200,Q1349520,Moraira,2022-04-30 14:37:12.458881,1
564,1,200,Q920550,Asertividad,2022-05-06 15:16:08.302384,0
565,1,200,Q1140303,Princesas Disney,2022-05-09 21:59:01.656487,3
566,1,200,Q474628,Conjugación,2022-05-09 21:59:06.812999,0
567,1,200,Q1930335,Tanatopraxia,2022-05-13 20:49:41.918590,2
568,1,200,Q46412,Lenguas de Bolivia,2022-05-19 09:22:05.272563,7
569,1,200,Q511171,Metrovalencia,2022-05-16 16:20:56.387921,1
570,1,200,Q5720,Comunidad Valenciana,2022-05-16 16:23:22.133531,0
571,1,200,Q54893,Fútbol Club Barcelona,2022-05-16 16:23:50.804552,0
572,1,200,Q2021379,Wakesurf,2022-05-16 23:25:51.845354,0
573,1,200,Q620615,Aplicación móvil,2022-08-08 20:28:55.071609,0
574,1,200,Q58199,Mensajería instantánea,2022-05-17 14:47:19.092303,0
575,1,200,Q687397,Ballantine's,2022-05-18 09:22:46.733437,1
576,1,200,Q52851,Fascitis plantar,2022-05-18 23:10:53.688433,0
577,1,200,Q243449,Gracia,2022-05-19 09:18:09.500353,0
578,1,200,Q1566367,Convenio sobre los Aspectos Civiles de la Sustracción Internacional de Menores,2022-05-23 15:29:45.678001,0
579,1,200,Q1969730,Espacio Schengen,2022-05-23 16:53:37.239543,2
580,1,200,Q1391360,Basurero,2022-05-25 22:36:00.623554,0
581,1,200,Q287753,La Caixa,2022-07-30 22:15:37.458260,5
582,1,200,Q2748473,Arte asturiano,2022-05-29 13:34:34.429013,0
583,1,200,Q12143,Huso horario,2022-08-09 14:48:39.597136,6
584,1,200,Q17507,Gerard Piqué,2022-06-04 19:25:29.686959,0
585,1,200,Q191485,Louis Vuitton,2022-06-05 22:20:34.617265,0
586,1,200,Q215254,Costa del Sol,2022-06-06 09:30:17.063603,1
587,1,200,Q12022,Montgat,2022-06-06 09:30:37.258557,1
588,1,200,Q722970,Estadio Krestovski,2022-06-07 13:53:44.605029,1
589,1,200,Q24702751,Martí de Barcelona,2022-06-08 08:54:29.755385,0
590,1,200,Q242510,Celulitis,2023-02-03 07:38:03.894517,3
591,1,200,Q3741,Yogyakarta,2022-06-12 20:14:01.293326,2
592,1,200,Q186005,Fisioterapia,2022-06-13 13:39:56.357011,0
593,1,200,Q15807,Pie,2022-06-13 23:07:53.818440,0
594,1,200,Q83379,Músculo tríceps braquial,2022-06-13 23:08:10.538497,0
595,1,200,Q2400491,Dead or Alive Xtreme 2,2022-06-21 09:01:00.813092,1
596,1,200,Q12618,Olot,2022-06-22 10:07:43.131878,2
597,1,200,Q838212,Construcciones y Auxiliar de Ferrocarriles,2022-06-25 20:54:53.376418,0
598,1,200,Q265618,Audi Sport GmbH,2022-06-25 20:56:06.190495,0
599,1,200,Q51597,Consonante oclusiva,2022-06-26 00:25:22.132480,0
600,1,200,Q37600,Bichón frisé,2022-06-26 11:58:39.179167,1
601,1,200,Q1057303,Zapatos de tacón,2022-09-11 23:29:13.014533,30
602,1,200,Q23093,Estación de Atocha,2023-01-29 12:44:54.760515,3
603,1,200,Q5903802,Terapia hormonal para transgénero,2022-07-01 09:09:16.251627,2
604,1,200,Q741027,Anticonceptivo de emergencia,2022-07-01 09:09:27.515201,1
605,1,200,Q817281,Píldora anticonceptiva oral combinada,2022-07-01 09:11:37.647041,0
606,1,200,Q205764,Endometriosis,2022-07-01 09:12:48.270904,0
607,1,200,Q474980,Rubén Blades,2022-07-04 15:00:45.693076,2
608,1,200,Q132580,Reciclaje,2022-09-17 20:07:10.660538,4
609,1,200,Q201664,Pulsera,2022-07-09 00:26:25.064515,1
610,1,200,Q13939,Tarrasa,2023-01-27 21:10:47.385526,1
611,1,200,Q842606,Emperador romano,2022-07-09 19:08:43.608172,1
612,1,200,Q79785,Electrocardiograma,2022-07-11 11:44:21.543903,3
613,1,200,Q64727805,Ola de calor en India de 2019,2022-07-12 21:54:50.838853,0
614,1,200,Q431168,Pectus excavatum,2022-07-12 21:54:56.083122,0
615,1,200,Q1575,Internet Explorer,2022-07-12 22:02:02.576481,1
616,1,200,Q53467,Donación de sangre,2022-07-13 08:46:57.624152,4
617,1,200,Q604055,Huso horario de la India,2022-07-16 15:51:11.380179,0
618,1,200,Q169950,Incendio forestal,2022-07-17 19:58:00.440263,0
619,1,200,Q1124872,Exfoliación,2022-07-17 21:40:58.684692,2
620,1,200,Q1137570,Bicicleta plegable,2022-07-19 08:30:54.047308,3
621,1,200,Q11163,Protocolo de datagramas de usuario,2022-07-21 13:29:59.435187,3
622,1,200,Q603357,Almacenamiento y reenvío,2022-07-25 20:39:57.435103,4
623,1,200,Q261254,70000 Tons of Metal,2022-07-19 21:43:54.767221,0
624,1,200,Q83462,Halterofilia,2022-07-20 16:03:50.018632,1
625,1,200,Q597040,Navaja de afeitar,2022-07-20 16:27:35.530338,1
626,1,200,Q9366,Buscador de Google,2022-07-20 16:43:05.303525,1
627,1,200,Q130742,Alanis Morissette,2022-07-20 23:47:20.145842,1
628,1,200,Q368215,App Store,2022-07-21 00:06:57.537070,0
629,1,200,Q216884,Costa Brava,2023-02-06 10:05:19.371829,58
630,1,200,Q41505,Eriobotrya japonica,2022-07-21 12:49:11.972650,0
631,1,200,Q37453,Prunus armeniaca,2022-07-21 12:49:17.056581,0
632,1,200,Q1052,Arcoíris,2022-07-22 13:46:31.059519,0
633,1,200,Q252484,Mocasín,2022-08-08 00:18:07.455609,0
634,1,200,Q334412,Manolo Blahnik,2022-07-25 07:06:54.919719,3
635,1,200,Q860559,Aeropuerto Internacional de la Ciudad de México,2022-07-25 10:04:49.902279,2
636,1,200,Q767660,Aeropuerto Internacional de Monterrey,2022-07-25 10:04:55.952483,0
637,1,200,Q1425566,Aeropuerto Internacional de Portland,2022-07-25 10:40:13.687888,0
638,1,200,Q1064399,Gramática del español,2022-07-25 17:50:12.318915,0
639,1,200,Q3097841,Computer accessibility,2022-07-25 22:29:25.236866,0
640,1,200,Q5139377,Kutxabank,2022-07-26 10:46:34.312237,0
641,1,200,Q19746,Tribunal Supremo,2022-07-26 10:46:20.385141,0
642,1,200,Q847225,CaixaBank,2022-08-02 19:39:36.531849,0
643,1,200,Q126399,Warner Bros.,2022-07-28 13:54:45.958042,0
644,1,200,Q152563,Blusa,2022-09-11 23:24:18.326163,1
645,1,200,Q193847,Puenting,2022-07-28 20:50:40.879122,1
646,1,200,Q984508,San Sadurní de Noya,2022-07-28 20:48:41.738299,0
647,1,200,Q1941439,Banca móvil,2022-07-30 22:04:35.239955,0
648,1,200,Q334501,Transferencia bancaria,2022-08-02 19:37:37.388415,0
649,1,200,Q295089,Radeon,2022-08-02 19:38:52.098560,1
650,1,200,Q29938,Ácaro del polvo,2022-08-05 12:28:53.061061,0
651,1,200,Q29938,Ácaro del polvo,2022-08-05 12:28:53.105485,0
652,1,200,Q5831,Melilla,2022-08-05 19:02:38.156991,0
653,1,200,Q1093102,Chía,2022-08-05 19:37:31.973193,1
654,1,200,Q60666,Martina Hellmann,2022-08-06 23:21:29.018378,0
655,1,200,Q503592,Gillette,2022-08-07 17:40:33.579000,0
656,1,200,Q783007,Depilación láser,2022-08-07 17:40:40.905351,0
657,1,200,Q10816,Juguete sexual,2022-08-07 17:47:18.487279,1
658,1,200,Q5887,Orgasmo,2022-08-07 17:48:07.729975,0
659,1,200,Q249181,Zōri,2022-08-08 00:38:50.680988,2
660,1,200,Q1424346,Mozos de Escuadra,2022-08-08 17:05:53.022609,1
661,1,200,Q57970209,Juicio a los líderes del proceso independentista catalán,2022-08-08 17:05:59.770128,0
662,1,200,Q34343,Ayora,2022-08-08 20:28:48.940387,3
663,1,200,Q48938223,TikTok,2022-08-08 22:00:17.176378,1
664,1,200,Q336547,Marcas en el pelaje del caballo,2022-08-09 03:49:12.052466,0
665,1,200,Q614304,Farmacia,2022-08-10 20:04:33.791455,0
666,1,200,Q1329463,Quiksilver,2022-08-11 00:18:01.905299,0
667,1,200,Q79928,Acné,2022-08-11 12:22:34.099862,1
668,1,200,Q412561,Lauril éter sulfato sódico,2022-08-11 12:22:58.611137,0
669,1,200,Q48255,Electroforesis en gel,2022-08-11 23:13:18.115790,1
670,1,200,Q844429,Seis sombreros para pensar,2022-08-14 19:13:38.857066,0
671,1,200,Q191591,Inteligencia emocional,2022-08-14 19:13:41.880624,0
672,1,200,Q2633526,Extensiones de pestañas,2022-08-16 04:00:51.948089,0
673,1,200,Q2748684,Sonic Advance 2,2022-09-18 14:23:51.916704,1
674,1,200,Q1949237,Pareo,2022-08-16 04:06:15.763615,0
675,1,200,Q48524,Chromium,2022-09-10 07:58:41.582436,4
676,1,200,Q40821,Cirugía,2022-08-18 21:35:14.771077,0
677,1,200,Q178,Pasta,2022-08-19 12:55:15.486711,1
678,1,200,Q217541,Gafas de sol,2022-09-18 14:50:30.979228,5
679,1,200,Q181078,Sueño lúcido,2022-08-21 01:49:10.740134,0
680,1,200,Q9616,Chelsea Football Club,2022-08-21 13:21:58.371797,0
681,1,200,Q2071053,Hip-hop,2022-08-23 21:32:06.828370,2
682,1,200,Q5843,Mochila,2022-08-23 19:48:43.842477,3
683,1,200,Q1521260,Episodio de exceso de alcohol,2022-08-22 19:00:35.885917,0
684,1,200,Q161511,Crataegus monogyna,2022-08-22 20:40:17.191806,1
685,1,200,Q2153744,Glamping,2022-08-23 12:44:54.021802,0
686,1,200,Q1036498,Gastronomía de Irak,2022-08-23 19:20:03.557831,0
687,1,200,Q80228,Botella,2022-08-23 19:30:20.184744,0
688,1,200,Q1049511,WhatsApp,2022-08-26 16:12:58.690759,2
689,1,200,Q257120,Tacón,2022-08-29 10:55:53.016799,0
690,1,200,Q11457,Algodón,2022-08-29 11:17:33.521965,0
691,1,200,Q188467,Incoterms,2022-08-29 13:22:02.557451,1
692,1,200,Q225120,Herzebrock-Clarholz,2022-08-29 17:08:23.184364,0
693,1,200,Q211584,Máquina expendedora,2022-08-30 08:02:48.688476,0
694,1,200,Q622360,Cómoda,2022-09-05 10:52:59.375159,0
695,1,200,Q2336201,Estantería de paletización,2022-09-05 10:53:05.917236,0
696,1,200,Q134283,Origanum vulgare,2022-09-05 13:24:43.265907,0
697,1,200,Q30547,Teresa de Calcuta,2022-09-05 17:41:06.038149,1
698,1,200,Q189443,Servicio de mensajería multimedia,2023-01-31 09:03:04.173058,3
699,1,200,Q215819,Microsoft SQL Server,2022-09-11 11:01:25.464293,1
700,1,200,Q1257477,Hollister Co.,2022-09-11 23:20:15.244674,0
701,1,200,Q1547947,Neighbor Discovery,2022-09-11 23:20:19.831022,1
702,1,200,Q837552,Modelo numérico de predicción meteorológica,2022-09-16 21:27:16.350112,0
703,1,200,Q516810,Pasión de gavilanes,2022-09-18 14:45:00.605015,1
704,1,200,Q769815,Alergia a alimentos,2023-01-28 16:41:22.687267,4
705,1,200,Q5102766,Ouigo,2023-01-29 14:47:55.829533,1
706,1,200,Q124100,Culturismo,2023-01-31 08:48:39.833886,1
707,1,200,Q29200,Cobrador de pelo liso,2023-01-31 13:07:24.646723,3
708,1,200,Q178925,Gran Canaria,2023-02-15 22:13:04.406210,5
709,1,200,Q2748448,Onda Cero,2023-02-03 07:37:41.330072,2
710,1,200,Q155867,Ricinus communis,2023-02-03 07:35:53.056353,1
711,1,200,Q1267779,Dutch Antilles Express,2023-02-12 22:50:22.625474,1
712,1,200,Q169138,Miami Heat,2023-02-13 16:15:33.985255,3
713,1,200,Q186817,Gacha,2023-02-14 15:48:52.085394,4
714,1,200,Q234138,Gastronomía de Japón,2023-02-14 19:15:25.375113,1
715,1,200,Q1278275,Ford Maverick,2023-02-15 22:10:59.617354,1
716,1,200,Q728034,Renault 19,2023-02-15 22:11:09.060133,2
717,1,200,Q156871,Hipófisis,2023-02-16 09:07:27.169636,1
718,1,200,Q53828,Amendolara,2023-02-16 09:33:31.717498,1
719,1,200,Q492533,Andorra,2023-02-16 12:10:49.052616,1
720,1,200,Q1863,Andorra la Vieja,2023-02-16 12:33:13.588807,2
721,1,200,Q473128,Terra Lliure,2023-02-16 17:19:22.391476,2
